{
  "timestamp": "2026-01-05T23:56:43.275783+00:00",
  "next_run": null,
  "active_signals": 2,
  "signals": [
    {
      "pair": "EUR/USD",
      "direction": "BUY",
      "entry_price": 1.1716461181640625,
      "sl": 1.1612113540290456,
      "tp": 1.187298264366588
    },
    {
      "pair": "USD/CAD",
      "direction": "SELL",
      "entry_price": 1.3772900104522705,
      "sl": 1.388752178374244,
      "tp": 1.3600967585693102
    }
  ],
  "stats": {
    "win_rate": 0.0,
    "total_pips": 0.0
  },
  "risk_management": {
    "daily_pips": 0.0
  },
  "api_usage": {
    "yfinance": {
      "calls": 0
    }
  }
}