{
  "timestamp": "2026-01-05T23:50:51.272250+00:00",
  "next_run": null,
  "active_signals": 2,
  "signals": [
    {
      "pair": "EUR/USD",
      "direction": "BUY",
      "entry_price": 1.1719207763671875,
      "sl": 1.1615252491183314,
      "tp": 1.1875140672404718
    },
    {
      "pair": "USD/CAD",
      "direction": "SELL",
      "entry_price": 1.3772900104522705,
      "sl": 1.3887493173512948,
      "tp": 1.360101050103734
    }
  ],
  "stats": {
    "win_rate": 0.0,
    "total_pips": 0.0
  },
  "risk_management": {
    "daily_pips": 0.0
  },
  "api_usage": {
    "yfinance": {
      "calls": 0
    }
  }
}