{
  "timestamp": "2026-01-06T04:21:14.384101+00:00",
  "next_run": null,
  "active_signals": 1,
  "signals": [
    {
      "pair": "USD/JPY",
      "direction": "BUY",
      "entry_price": 156.26300048828125,
      "sl": 154.03965373259012,
      "tp": 159.59802062181797
    }
  ],
  "stats": {
    "win_rate": 0.0,
    "total_pips": 0.0
  },
  "risk_management": {
    "daily_pips": 0.0
  },
  "api_usage": {
    "yfinance": {
      "calls": 0
    }
  }
}