{
  "timestamp": "2026-01-06T04:11:11.071163+00:00",
  "next_run": null,
  "active_signals": 1,
  "signals": [
    {
      "pair": "USD/JPY",
      "direction": "BUY",
      "entry_price": 156.31300354003906,
      "sl": 154.0939445040745,
      "tp": 159.64159209398593
    }
  ],
  "stats": {
    "win_rate": 0.0,
    "total_pips": 0.0
  },
  "risk_management": {
    "daily_pips": 0.0
  },
  "api_usage": {
    "yfinance": {
      "calls": 0
    }
  }
}