{
  "volatility_NORMAL_VOL": {
    "wins": 1602,
    "total": 4017,
    "pnl": 35.181593953797304
  },
  "trend_RANGING": {
    "wins": 1671,
    "total": 4162,
    "pnl": -0.01701486369541605
  },
  "session_ASIA_SESSION": {
    "wins": 1472,
    "total": 3926,
    "pnl": -4.680423511121619
  },
  "behavior_MEAN_REVERT": {
    "wins": 1263,
    "total": 3183,
    "pnl": 22.887428795517064
  },
  "volatility_EXTREME_VOL": {
    "wins": 2,
    "total": 34,
    "pnl": 0.3043895703298696
  },
  "session_LONDON_SESSION": {
    "wins": 585,
    "total": 1450,
    "pnl": 14.444038441845679
  },
  "trend_WEAK_DOWNTREND": {
    "wins": 2,
    "total": 3,
    "pnl": 0.00022380592141835187
  },
  "volatility_HIGH_VOL": {
    "wins": 600,
    "total": 1561,
    "pnl": -21.114306757585837
  },
  "session_OVERLAP_SESSION": {
    "wins": 200,
    "total": 497,
    "pnl": 6.759330141399758
  },
  "session_NY_SESSION": {
    "wins": 2,
    "total": 7,
    "pnl": -0.22729406315939893
  },
  "behavior_NEUTRAL": {
    "wins": 925,
    "total": 2590,
    "pnl": -9.579274880468446
  },
  "trend_WEAK_UPTREND": {
    "wins": 586,
    "total": 1715,
    "pnl": 16.312442066738413
  },
  "behavior_MOMENTUM": {
    "wins": 71,
    "total": 107,
    "pnl": 2.9874970939158167
  },
  "volatility_LOW_VOL": {
    "wins": 55,
    "total": 268,
    "pnl": 1.92397424242313
  }
}