{
  "volatility_NORMAL_VOL": {
    "wins": 3034,
    "total": 7292,
    "pnl": 107.159161540313
  },
  "trend_RANGING": {
    "wins": 2800,
    "total": 7078,
    "pnl": 0.016134275461963554
  },
  "session_ASIA_SESSION": {
    "wins": 2193,
    "total": 5710,
    "pnl": 29.191761321783705
  },
  "behavior_MEAN_REVERT": {
    "wins": 2412,
    "total": 5946,
    "pnl": 78.34834111383215
  },
  "volatility_EXTREME_VOL": {
    "wins": 2,
    "total": 66,
    "pnl": 4.119099114511693
  },
  "session_LONDON_SESSION": {
    "wins": 991,
    "total": 2560,
    "pnl": 19.549579526254547
  },
  "trend_WEAK_DOWNTREND": {
    "wins": 2,
    "total": 3,
    "pnl": 0.00022380592141835187
  },
  "volatility_HIGH_VOL": {
    "wins": 990,
    "total": 2911,
    "pnl": -52.71254696067649
  },
  "session_OVERLAP_SESSION": {
    "wins": 325,
    "total": 827,
    "pnl": 7.337619487498642
  },
  "session_NY_SESSION": {
    "wins": 612,
    "total": 1634,
    "pnl": 4.8183192633564715
  },
  "behavior_NEUTRAL": {
    "wins": 1601,
    "total": 4619,
    "pnl": -20.849943946650065
  },
  "trend_WEAK_UPTREND": {
    "wins": 1319,
    "total": 3650,
    "pnl": 60.88092151750993
  },
  "behavior_MOMENTUM": {
    "wins": 108,
    "total": 166,
    "pnl": 3.398882431711306
  },
  "volatility_LOW_VOL": {
    "wins": 95,
    "total": 462,
    "pnl": 2.33156590474491
  }
}