{
  "volatility_NORMAL_VOL": {
    "wins": 1,
    "total": 1,
    "pnl": 0.0003352384226662508
  },
  "trend_RANGING": {
    "wins": 1,
    "total": 2,
    "pnl": -0.00045305289540964466
  },
  "session_ASIA_SESSION": {
    "wins": 1,
    "total": 1,
    "pnl": 0.0003352384226662508
  },
  "behavior_MEAN_REVERT": {
    "wins": 1,
    "total": 2,
    "pnl": -0.00045305289540964466
  },
  "volatility_EXTREME_VOL": {
    "wins": 0,
    "total": 1,
    "pnl": -0.0007882913180758955
  },
  "session_LONDON_SESSION": {
    "wins": 0,
    "total": 1,
    "pnl": -0.0007882913180758955
  }
}