{
  "volatility_NORMAL_VOL": {
    "wins": 2671,
    "total": 6381,
    "pnl": 107.60541839565619
  },
  "trend_RANGING": {
    "wins": 2437,
    "total": 6131,
    "pnl": 0.021573288917549727
  },
  "session_ASIA_SESSION": {
    "wins": 2193,
    "total": 5710,
    "pnl": 29.191761321783705
  },
  "behavior_MEAN_REVERT": {
    "wins": 2153,
    "total": 5237,
    "pnl": 77.98212153629832
  },
  "volatility_EXTREME_VOL": {
    "wins": 2,
    "total": 59,
    "pnl": 5.00279078302213
  },
  "session_LONDON_SESSION": {
    "wins": 864,
    "total": 2197,
    "pnl": 19.230029085517288
  },
  "trend_WEAK_DOWNTREND": {
    "wins": 2,
    "total": 3,
    "pnl": 0.00022380592141835187
  },
  "volatility_HIGH_VOL": {
    "wins": 896,
    "total": 2571,
    "pnl": -49.72007038325843
  },
  "session_OVERLAP_SESSION": {
    "wins": 200,
    "total": 497,
    "pnl": 6.759330141399758
  },
  "session_NY_SESSION": {
    "wins": 396,
    "total": 1005,
    "pnl": 9.71917020502293
  },
  "behavior_NEUTRAL": {
    "wins": 1402,
    "total": 4019,
    "pnl": -16.598582664650674
  },
  "trend_WEAK_UPTREND": {
    "wins": 1214,
    "total": 3275,
    "pnl": 64.87849365888468
  },
  "behavior_MOMENTUM": {
    "wins": 98,
    "total": 153,
    "pnl": 3.5167518820761092
  },
  "volatility_LOW_VOL": {
    "wins": 84,
    "total": 398,
    "pnl": 2.012151958303659
  }
}