{
  "volatility_NORMAL_VOL": {
    "wins": 1910,
    "total": 4677,
    "pnl": 49.83670562982633
  },
  "trend_RANGING": {
    "wins": 1889,
    "total": 4698,
    "pnl": 0.005981288816250263
  },
  "session_ASIA_SESSION": {
    "wins": 1472,
    "total": 3926,
    "pnl": -4.680423511121619
  },
  "behavior_MEAN_REVERT": {
    "wins": 1515,
    "total": 3773,
    "pnl": 34.33750829874691
  },
  "volatility_EXTREME_VOL": {
    "wins": 2,
    "total": 43,
    "pnl": 1.516045544717992
  },
  "session_LONDON_SESSION": {
    "wins": 585,
    "total": 1450,
    "pnl": 14.444038441845679
  },
  "trend_WEAK_DOWNTREND": {
    "wins": 2,
    "total": 3,
    "pnl": 0.00022380592141835187
  },
  "volatility_HIGH_VOL": {
    "wins": 678,
    "total": 1846,
    "pnl": -26.95283626859473
  },
  "session_OVERLAP_SESSION": {
    "wins": 200,
    "total": 497,
    "pnl": 6.759330141399758
  },
  "session_NY_SESSION": {
    "wins": 396,
    "total": 1005,
    "pnl": 9.71917020502293
  },
  "behavior_NEUTRAL": {
    "wins": 1049,
    "total": 2974,
    "pnl": -11.475093437994666
  },
  "trend_WEAK_UPTREND": {
    "wins": 762,
    "total": 2177,
    "pnl": 26.23591018240907
  },
  "behavior_MOMENTUM": {
    "wins": 89,
    "total": 131,
    "pnl": 3.3797004163945337
  },
  "volatility_LOW_VOL": {
    "wins": 63,
    "total": 312,
    "pnl": 1.8422003711971813
  }
}