{
  "volatility_NORMAL_VOL": {
    "wins": 1,
    "total": 2,
    "pnl": -0.0004974860123223568
  },
  "trend_RANGING": {
    "wins": 1,
    "total": 2,
    "pnl": -0.00045305289540964466
  },
  "session_ASIA_SESSION": {
    "wins": 1,
    "total": 1,
    "pnl": 0.0003352384226662508
  },
  "behavior_MEAN_REVERT": {
    "wins": 2,
    "total": 4,
    "pnl": -0.0006840349776402466
  },
  "volatility_EXTREME_VOL": {
    "wins": 0,
    "total": 1,
    "pnl": -0.0007882913180758955
  },
  "session_LONDON_SESSION": {
    "wins": 0,
    "total": 2,
    "pnl": -0.001621015753064503
  },
  "trend_WEAK_DOWNTREND": {
    "wins": 1,
    "total": 2,
    "pnl": -0.0002309820822306019
  },
  "volatility_HIGH_VOL": {
    "wins": 1,
    "total": 1,
    "pnl": 0.0006017423527580057
  },
  "session_OVERLAP_SESSION": {
    "wins": 1,
    "total": 1,
    "pnl": 0.0006017423527580057
  }
}