{
  "volatility_NORMAL_VOL": {
    "wins": 909,
    "total": 2481,
    "pnl": -5.093612501365519
  },
  "trend_RANGING": {
    "wins": 1131,
    "total": 2822,
    "pnl": -0.06911750460522559
  },
  "session_ASIA_SESSION": {
    "wins": 1340,
    "total": 3583,
    "pnl": -10.082729683117813
  },
  "behavior_MEAN_REVERT": {
    "wins": 705,
    "total": 1901,
    "pnl": -7.572214428918398
  },
  "volatility_EXTREME_VOL": {
    "wins": 2,
    "total": 21,
    "pnl": -1.6666187304513809
  },
  "session_LONDON_SESSION": {
    "wins": 6,
    "total": 8,
    "pnl": 0.0018712987048286056
  },
  "trend_WEAK_DOWNTREND": {
    "wins": 2,
    "total": 3,
    "pnl": 0.00022380592141835187
  },
  "volatility_HIGH_VOL": {
    "wins": 408,
    "total": 934,
    "pnl": -3.9633820643252604
  },
  "session_OVERLAP_SESSION": {
    "wins": 3,
    "total": 5,
    "pnl": 0.000718672769409956
  },
  "session_NY_SESSION": {
    "wins": 2,
    "total": 7,
    "pnl": -0.22729406315939893
  },
  "behavior_NEUTRAL": {
    "wins": 604,
    "total": 1643,
    "pnl": -4.347405115374343
  },
  "trend_WEAK_UPTREND": {
    "wins": 218,
    "total": 778,
    "pnl": -10.238540076119165
  },
  "behavior_MOMENTUM": {
    "wins": 42,
    "total": 59,
    "pnl": 1.6121857694897785
  },
  "volatility_LOW_VOL": {
    "wins": 32,
    "total": 167,
    "pnl": 0.4161795213392032
  }
}