{
  "volatility_NORMAL_VOL": {
    "wins": 3,
    "total": 4,
    "pnl": 0.000900691611426474
  },
  "trend_RANGING": {
    "wins": 2,
    "total": 4,
    "pnl": -0.0005007806846071272
  },
  "session_ASIA_SESSION": {
    "wins": 2,
    "total": 2,
    "pnl": 0.0012786280427661278
  },
  "behavior_MEAN_REVERT": {
    "wins": 3,
    "total": 6,
    "pnl": -0.0007317627668377291
  },
  "volatility_EXTREME_VOL": {
    "wins": 0,
    "total": 2,
    "pnl": -0.001779408727373255
  },
  "session_LONDON_SESSION": {
    "wins": 1,
    "total": 3,
    "pnl": -0.0011662277494155493
  },
  "trend_WEAK_DOWNTREND": {
    "wins": 2,
    "total": 3,
    "pnl": 0.00022380592141835187
  },
  "volatility_HIGH_VOL": {
    "wins": 1,
    "total": 1,
    "pnl": 0.0006017423527580057
  },
  "session_OVERLAP_SESSION": {
    "wins": 1,
    "total": 1,
    "pnl": 0.0006017423527580057
  },
  "session_NY_SESSION": {
    "wins": 0,
    "total": 1,
    "pnl": -0.0009911174092973596
  },
  "behavior_NEUTRAL": {
    "wins": 1,
    "total": 1,
    "pnl": 0.0004547880036489538
  }
}