{
  "volatility_NORMAL_VOL": {
    "wins": 1298,
    "total": 3346,
    "pnl": 17.38874475730341
  },
  "trend_RANGING": {
    "wins": 1455,
    "total": 3624,
    "pnl": -0.024177916169165536
  },
  "session_ASIA_SESSION": {
    "wins": 1472,
    "total": 3926,
    "pnl": -4.680423511121619
  },
  "behavior_MEAN_REVERT": {
    "wins": 1015,
    "total": 2616,
    "pnl": 6.706350695014313
  },
  "volatility_EXTREME_VOL": {
    "wins": 2,
    "total": 29,
    "pnl": -1.554634477521693
  },
  "session_LONDON_SESSION": {
    "wins": 388,
    "total": 959,
    "pnl": 7.290360095611805
  },
  "trend_WEAK_DOWNTREND": {
    "wins": 2,
    "total": 3,
    "pnl": 0.00022380592141835187
  },
  "volatility_HIGH_VOL": {
    "wins": 516,
    "total": 1285,
    "pnl": -14.775273746558186
  },
  "session_OVERLAP_SESSION": {
    "wins": 3,
    "total": 5,
    "pnl": 0.000718672769409956
  },
  "session_NY_SESSION": {
    "wins": 2,
    "total": 7,
    "pnl": -0.22729406315939893
  },
  "behavior_NEUTRAL": {
    "wins": 789,
    "total": 2193,
    "pnl": -7.141908577646228
  },
  "trend_WEAK_UPTREND": {
    "wins": 408,
    "total": 1270,
    "pnl": 2.4073153043479465
  },
  "behavior_MOMENTUM": {
    "wins": 61,
    "total": 88,
    "pnl": 2.818919076732125
  },
  "volatility_LOW_VOL": {
    "wins": 49,
    "total": 237,
    "pnl": 1.3245246608766872
  }
}