{
  "volatility_NORMAL_VOL": {
    "wins": 6,
    "total": 10,
    "pnl": 0.1346780779361807
  },
  "trend_RANGING": {
    "wins": 9,
    "total": 15,
    "pnl": 0.001149337989943433
  },
  "session_ASIA_SESSION": {
    "wins": 3,
    "total": 5,
    "pnl": 0.1349030418055479
  },
  "behavior_MEAN_REVERT": {
    "wins": 6,
    "total": 13,
    "pnl": 0.0299718338251167
  },
  "volatility_EXTREME_VOL": {
    "wins": 1,
    "total": 4,
    "pnl": -0.22661772700718585
  },
  "session_LONDON_SESSION": {
    "wins": 6,
    "total": 8,
    "pnl": 0.0018712987048286056
  },
  "trend_WEAK_DOWNTREND": {
    "wins": 2,
    "total": 3,
    "pnl": 0.00022380592141835187
  },
  "volatility_HIGH_VOL": {
    "wins": 5,
    "total": 7,
    "pnl": 0.0017721370288299454
  },
  "session_OVERLAP_SESSION": {
    "wins": 1,
    "total": 3,
    "pnl": -0.0005326601948056897
  },
  "session_NY_SESSION": {
    "wins": 2,
    "total": 5,
    "pnl": -0.22640919235774604
  },
  "behavior_NEUTRAL": {
    "wins": 6,
    "total": 7,
    "pnl": -0.11920464803491204
  },
  "trend_WEAK_UPTREND": {
    "wins": 1,
    "total": 3,
    "pnl": -0.091540655953537
  },
  "behavior_MOMENTUM": {
    "wins": 0,
    "total": 1,
    "pnl": -0.0009346978323798716
  }
}