{
  "volatility_NORMAL_VOL": {
    "wins": 2948,
    "total": 7062,
    "pnl": 107.32027845582844
  },
  "trend_RANGING": {
    "wins": 2718,
    "total": 6839,
    "pnl": 0.05953385187899474
  },
  "session_ASIA_SESSION": {
    "wins": 2193,
    "total": 5710,
    "pnl": 29.191761321783705
  },
  "behavior_MEAN_REVERT": {
    "wins": 2344,
    "total": 5764,
    "pnl": 79.34425368061312
  },
  "volatility_EXTREME_VOL": {
    "wins": 2,
    "total": 62,
    "pnl": 4.446791027162755
  },
  "session_LONDON_SESSION": {
    "wins": 991,
    "total": 2560,
    "pnl": 19.549579526254547
  },
  "trend_WEAK_DOWNTREND": {
    "wins": 2,
    "total": 3,
    "pnl": 0.00022380592141835187
  },
  "volatility_HIGH_VOL": {
    "wins": 972,
    "total": 2837,
    "pnl": -50.461316902602555
  },
  "session_OVERLAP_SESSION": {
    "wins": 325,
    "total": 827,
    "pnl": 7.337619487498642
  },
  "session_NY_SESSION": {
    "wins": 502,
    "total": 1311,
    "pnl": 7.130155685825357
  },
  "behavior_NEUTRAL": {
    "wins": 1561,
    "total": 4480,
    "pnl": -19.53283101022994
  },
  "trend_WEAK_UPTREND": {
    "wins": 1291,
    "total": 3566,
    "pnl": 63.14935836356179
  },
  "behavior_MOMENTUM": {
    "wins": 106,
    "total": 164,
    "pnl": 3.3976933509790976
  },
  "volatility_LOW_VOL": {
    "wins": 89,
    "total": 447,
    "pnl": 1.9033634409732816
  }
}