{
  "volatility_NORMAL_VOL": {
    "wins": 1758,
    "total": 4352,
    "pnl": 41.86946399688777
  },
  "trend_RANGING": {
    "wins": 1785,
    "total": 4445,
    "pnl": -0.011292152566567126
  },
  "session_ASIA_SESSION": {
    "wins": 1472,
    "total": 3926,
    "pnl": -4.680423511121619
  },
  "behavior_MEAN_REVERT": {
    "wins": 1390,
    "total": 3482,
    "pnl": 24.66481315846165
  },
  "volatility_EXTREME_VOL": {
    "wins": 2,
    "total": 40,
    "pnl": 1.3979518156988269
  },
  "session_LONDON_SESSION": {
    "wins": 585,
    "total": 1450,
    "pnl": 14.444038441845679
  },
  "trend_WEAK_DOWNTREND": {
    "wins": 2,
    "total": 3,
    "pnl": 0.00022380592141835187
  },
  "volatility_HIGH_VOL": {
    "wins": 637,
    "total": 1712,
    "pnl": -28.33410169427681
  },
  "session_OVERLAP_SESSION": {
    "wins": 200,
    "total": 497,
    "pnl": 6.759330141399758
  },
  "session_NY_SESSION": {
    "wins": 202,
    "total": 526,
    "pnl": 0.4537353223818892
  },
  "behavior_NEUTRAL": {
    "wins": 989,
    "total": 2797,
    "pnl": -10.87172206325995
  },
  "trend_WEAK_UPTREND": {
    "wins": 672,
    "total": 1951,
    "pnl": 16.987748741150853
  },
  "behavior_MOMENTUM": {
    "wins": 80,
    "total": 120,
    "pnl": 3.183589299304029
  },
  "volatility_LOW_VOL": {
    "wins": 62,
    "total": 295,
    "pnl": 2.043366276195946
  }
}