{
  "volatility_NORMAL_VOL": {
    "wins": 1,
    "total": 1,
    "pnl": 0.0003352384226662508
  },
  "trend_RANGING": {
    "wins": 1,
    "total": 1,
    "pnl": 0.0003352384226662508
  },
  "session_ASIA_SESSION": {
    "wins": 1,
    "total": 1,
    "pnl": 0.0003352384226662508
  },
  "behavior_MEAN_REVERT": {
    "wins": 1,
    "total": 1,
    "pnl": 0.0003352384226662508
  }
}