{
  "volatility_NORMAL_VOL": {
    "wins": 321,
    "total": 902,
    "pnl": -2.5132388797400997
  },
  "trend_RANGING": {
    "wins": 418,
    "total": 1028,
    "pnl": -0.05924250061171055
  },
  "session_ASIA_SESSION": {
    "wins": 482,
    "total": 1276,
    "pnl": -10.132497835993627
  },
  "behavior_MEAN_REVERT": {
    "wins": 275,
    "total": 714,
    "pnl": -9.156790138278536
  },
  "volatility_EXTREME_VOL": {
    "wins": 2,
    "total": 10,
    "pnl": -1.3162394124524945
  },
  "session_LONDON_SESSION": {
    "wins": 6,
    "total": 8,
    "pnl": 0.0018712987048286056
  },
  "trend_WEAK_DOWNTREND": {
    "wins": 2,
    "total": 3,
    "pnl": 0.00022380592141835187
  },
  "volatility_HIGH_VOL": {
    "wins": 153,
    "total": 321,
    "pnl": -6.654667476977579
  },
  "session_OVERLAP_SESSION": {
    "wins": 3,
    "total": 5,
    "pnl": 0.000718672769409956
  },
  "session_NY_SESSION": {
    "wins": 2,
    "total": 7,
    "pnl": -0.22729406315939893
  },
  "behavior_NEUTRAL": {
    "wins": 209,
    "total": 562,
    "pnl": -0.9298159064224705
  },
  "trend_WEAK_UPTREND": {
    "wins": 73,
    "total": 265,
    "pnl": -10.298183232988492
  },
  "behavior_MOMENTUM": {
    "wins": 9,
    "total": 20,
    "pnl": -0.27059588297778303
  },
  "volatility_LOW_VOL": {
    "wins": 17,
    "total": 63,
    "pnl": 0.1269438414913867
  }
}