{
  "volatility_NORMAL_VOL": {
    "wins": 2569,
    "total": 6142,
    "pnl": 105.21805053340603
  },
  "trend_RANGING": {
    "wins": 2342,
    "total": 5881,
    "pnl": 0.05789568484681873
  },
  "session_ASIA_SESSION": {
    "wins": 2193,
    "total": 5710,
    "pnl": 29.191761321783705
  },
  "behavior_MEAN_REVERT": {
    "wins": 2079,
    "total": 5062,
    "pnl": 74.81694071245276
  },
  "volatility_EXTREME_VOL": {
    "wins": 2,
    "total": 57,
    "pnl": 4.793873403642857
  },
  "session_LONDON_SESSION": {
    "wins": 732,
    "total": 1850,
    "pnl": 16.849041039203236
  },
  "trend_WEAK_DOWNTREND": {
    "wins": 2,
    "total": 3,
    "pnl": 0.00022380592141835187
  },
  "volatility_HIGH_VOL": {
    "wins": 872,
    "total": 2481,
    "pnl": -49.216607381496345
  },
  "session_OVERLAP_SESSION": {
    "wins": 200,
    "total": 497,
    "pnl": 6.759330141399758
  },
  "session_NY_SESSION": {
    "wins": 396,
    "total": 1005,
    "pnl": 9.71917020502293
  },
  "behavior_NEUTRAL": {
    "wins": 1346,
    "total": 3851,
    "pnl": -15.813190575675486
  },
  "trend_WEAK_UPTREND": {
    "wins": 1177,
    "total": 3178,
    "pnl": 62.46118321664136
  },
  "behavior_MOMENTUM": {
    "wins": 96,
    "total": 149,
    "pnl": 3.515552570632373
  },
  "volatility_LOW_VOL": {
    "wins": 78,
    "total": 382,
    "pnl": 1.7239861518569097
  }
}