{
  "volatility_NORMAL_VOL": {
    "wins": 3,
    "total": 4,
    "pnl": 0.000900691611426474
  },
  "trend_RANGING": {
    "wins": 4,
    "total": 6,
    "pnl": 0.0009254652602332936
  },
  "session_ASIA_SESSION": {
    "wins": 2,
    "total": 2,
    "pnl": 0.0012786280427661278
  },
  "behavior_MEAN_REVERT": {
    "wins": 3,
    "total": 6,
    "pnl": -0.0007317627668377291
  },
  "volatility_EXTREME_VOL": {
    "wins": 0,
    "total": 2,
    "pnl": -0.001779408727373255
  },
  "session_LONDON_SESSION": {
    "wins": 3,
    "total": 5,
    "pnl": 0.0002600181954248715
  },
  "trend_WEAK_DOWNTREND": {
    "wins": 2,
    "total": 3,
    "pnl": 0.00022380592141835187
  },
  "volatility_HIGH_VOL": {
    "wins": 3,
    "total": 3,
    "pnl": 0.0020279882975984265
  },
  "session_OVERLAP_SESSION": {
    "wins": 1,
    "total": 1,
    "pnl": 0.0006017423527580057
  },
  "session_NY_SESSION": {
    "wins": 0,
    "total": 1,
    "pnl": -0.0009911174092973596
  },
  "behavior_NEUTRAL": {
    "wins": 3,
    "total": 3,
    "pnl": 0.0018810339484893746
  }
}