{
  "volatility_NORMAL_VOL": {
    "wins": 1000,
    "total": 2718,
    "pnl": -1.6905397635696597
  },
  "trend_RANGING": {
    "wins": 1233,
    "total": 3092,
    "pnl": -0.07695577339615034
  },
  "session_ASIA_SESSION": {
    "wins": 1472,
    "total": 3926,
    "pnl": -4.680423511121619
  },
  "behavior_MEAN_REVERT": {
    "wins": 785,
    "total": 2086,
    "pnl": -5.059333313030535
  },
  "volatility_EXTREME_VOL": {
    "wins": 2,
    "total": 23,
    "pnl": -1.9947191733377334
  },
  "session_LONDON_SESSION": {
    "wins": 6,
    "total": 8,
    "pnl": 0.0018712987048286056
  },
  "trend_WEAK_DOWNTREND": {
    "wins": 2,
    "total": 3,
    "pnl": 0.00022380592141835187
  },
  "volatility_HIGH_VOL": {
    "wins": 444,
    "total": 1020,
    "pnl": -2.1221117605989868
  },
  "session_OVERLAP_SESSION": {
    "wins": 3,
    "total": 5,
    "pnl": 0.000718672769409956
  },
  "session_NY_SESSION": {
    "wins": 2,
    "total": 7,
    "pnl": -0.22729406315939893
  },
  "behavior_NEUTRAL": {
    "wins": 651,
    "total": 1796,
    "pnl": -1.9431925130400327
  },
  "trend_WEAK_UPTREND": {
    "wins": 248,
    "total": 851,
    "pnl": -4.828395635332043
  },
  "behavior_MOMENTUM": {
    "wins": 47,
    "total": 64,
    "pnl": 2.0973982232638013
  },
  "volatility_LOW_VOL": {
    "wins": 37,
    "total": 185,
    "pnl": 0.9022430946996162
  }
}