{
  "volatility_NORMAL_VOL": {
    "wins": 5,
    "total": 6,
    "pnl": 0.25859122334208484
  },
  "trend_RANGING": {
    "wins": 8,
    "total": 12,
    "pnl": 0.001976999299866833
  },
  "session_ASIA_SESSION": {
    "wins": 3,
    "total": 3,
    "pnl": 0.25842916907583624
  },
  "behavior_MEAN_REVERT": {
    "wins": 6,
    "total": 11,
    "pnl": 0.03149191193921741
  },
  "volatility_EXTREME_VOL": {
    "wins": 1,
    "total": 4,
    "pnl": -0.22661772700718585
  },
  "session_LONDON_SESSION": {
    "wins": 6,
    "total": 8,
    "pnl": 0.0018712987048286056
  },
  "trend_WEAK_DOWNTREND": {
    "wins": 2,
    "total": 3,
    "pnl": 0.00022380592141835187
  },
  "volatility_HIGH_VOL": {
    "wins": 5,
    "total": 7,
    "pnl": 0.0017721370288299454
  },
  "session_OVERLAP_SESSION": {
    "wins": 1,
    "total": 3,
    "pnl": -0.0005326601948056897
  },
  "session_NY_SESSION": {
    "wins": 1,
    "total": 3,
    "pnl": -0.22602217422213022
  },
  "behavior_NEUTRAL": {
    "wins": 5,
    "total": 5,
    "pnl": 0.003188419256891395
  },
  "trend_WEAK_UPTREND": {
    "wins": 1,
    "total": 2,
    "pnl": 0.03154482814244375
  },
  "behavior_MOMENTUM": {
    "wins": 0,
    "total": 1,
    "pnl": -0.0009346978323798716
  }
}