{
  "volatility_NORMAL_VOL": {
    "wins": 1453,
    "total": 3691,
    "pnl": 27.595517740803427
  },
  "trend_RANGING": {
    "wins": 1560,
    "total": 3887,
    "pnl": -0.005144410720893
  },
  "session_ASIA_SESSION": {
    "wins": 1472,
    "total": 3926,
    "pnl": -4.680423511121619
  },
  "behavior_MEAN_REVERT": {
    "wins": 1135,
    "total": 2890,
    "pnl": 16.63192803088302
  },
  "volatility_EXTREME_VOL": {
    "wins": 2,
    "total": 31,
    "pnl": -0.7886280077951304
  },
  "session_LONDON_SESSION": {
    "wins": 585,
    "total": 1450,
    "pnl": 14.444038441845679
  },
  "trend_WEAK_DOWNTREND": {
    "wins": 2,
    "total": 3,
    "pnl": 0.00022380592141835187
  },
  "volatility_HIGH_VOL": {
    "wins": 554,
    "total": 1412,
    "pnl": -18.907483632955728
  },
  "session_OVERLAP_SESSION": {
    "wins": 3,
    "total": 5,
    "pnl": 0.000718672769409956
  },
  "session_NY_SESSION": {
    "wins": 2,
    "total": 7,
    "pnl": -0.22729406315939893
  },
  "behavior_NEUTRAL": {
    "wins": 864,
    "total": 2405,
    "pnl": -10.081716918272274
  },
  "trend_WEAK_UPTREND": {
    "wins": 500,
    "total": 1498,
    "pnl": 9.541960145133544
  },
  "behavior_MOMENTUM": {
    "wins": 63,
    "total": 93,
    "pnl": 2.9868284277233546
  },
  "volatility_LOW_VOL": {
    "wins": 53,
    "total": 254,
    "pnl": 1.6376334402815218
  }
}