{
  "volatility_NORMAL_VOL": {
    "wins": 4,
    "total": 5,
    "pnl": 0.2580512326444966
  },
  "trend_RANGING": {
    "wins": 7,
    "total": 9,
    "pnl": 0.002571411149842273
  },
  "session_ASIA_SESSION": {
    "wins": 3,
    "total": 3,
    "pnl": 0.25842916907583624
  },
  "behavior_MEAN_REVERT": {
    "wins": 6,
    "total": 10,
    "pnl": 0.03169161665440123
  },
  "volatility_EXTREME_VOL": {
    "wins": 1,
    "total": 4,
    "pnl": -0.22661772700718585
  },
  "session_LONDON_SESSION": {
    "wins": 5,
    "total": 7,
    "pnl": 0.0013313080072403505
  },
  "trend_WEAK_DOWNTREND": {
    "wins": 2,
    "total": 3,
    "pnl": 0.00022380592141835187
  },
  "volatility_HIGH_VOL": {
    "wins": 5,
    "total": 5,
    "pnl": 0.002906539576393641
  },
  "session_OVERLAP_SESSION": {
    "wins": 1,
    "total": 1,
    "pnl": 0.0006017423527580057
  },
  "session_NY_SESSION": {
    "wins": 1,
    "total": 3,
    "pnl": -0.22602217422213022
  },
  "behavior_NEUTRAL": {
    "wins": 4,
    "total": 4,
    "pnl": 0.00264842855930314
  },
  "trend_WEAK_UPTREND": {
    "wins": 1,
    "total": 2,
    "pnl": 0.03154482814244375
  }
}