{
  "volatility_NORMAL_VOL": {
    "wins": 2042,
    "total": 4963,
    "pnl": 59.12757488306143
  },
  "trend_RANGING": {
    "wins": 1982,
    "total": 4915,
    "pnl": 0.031471069335942015
  },
  "session_ASIA_SESSION": {
    "wins": 1649,
    "total": 4361,
    "pnl": 0.3310319327630066
  },
  "behavior_MEAN_REVERT": {
    "wins": 1630,
    "total": 4035,
    "pnl": 42.14428013545343
  },
  "volatility_EXTREME_VOL": {
    "wins": 2,
    "total": 47,
    "pnl": 2.6078382473928574
  },
  "session_LONDON_SESSION": {
    "wins": 585,
    "total": 1450,
    "pnl": 14.444038441845679
  },
  "trend_WEAK_DOWNTREND": {
    "wins": 2,
    "total": 3,
    "pnl": 0.00022380592141835187
  },
  "volatility_HIGH_VOL": {
    "wins": 721,
    "total": 1979,
    "pnl": -32.040490576505064
  },
  "session_OVERLAP_SESSION": {
    "wins": 200,
    "total": 497,
    "pnl": 6.759330141399758
  },
  "session_NY_SESSION": {
    "wins": 396,
    "total": 1005,
    "pnl": 9.71917020502293
  },
  "behavior_NEUTRAL": {
    "wins": 1110,
    "total": 3143,
    "pnl": -14.26896573161168
  },
  "trend_WEAK_UPTREND": {
    "wins": 846,
    "total": 2395,
    "pnl": 31.221875845774008
  },
  "behavior_MOMENTUM": {
    "wins": 90,
    "total": 135,
    "pnl": 3.378256317189652
  },
  "volatility_LOW_VOL": {
    "wins": 65,
    "total": 324,
    "pnl": 1.5586481670821384
  }
}