{
  "volatility_NORMAL_VOL": {
    "wins": 3,
    "total": 4,
    "pnl": 0.000900691611426474
  },
  "trend_RANGING": {
    "wins": 5,
    "total": 7,
    "pnl": 0.0015001213380267941
  },
  "session_ASIA_SESSION": {
    "wins": 2,
    "total": 2,
    "pnl": 0.0012786280427661278
  },
  "behavior_MEAN_REVERT": {
    "wins": 4,
    "total": 8,
    "pnl": -0.2257628195796706
  },
  "volatility_EXTREME_VOL": {
    "wins": 0,
    "total": 3,
    "pnl": -0.22738512161799962
  },
  "session_LONDON_SESSION": {
    "wins": 3,
    "total": 5,
    "pnl": 0.0002600181954248715
  },
  "trend_WEAK_DOWNTREND": {
    "wins": 2,
    "total": 3,
    "pnl": 0.00022380592141835187
  },
  "volatility_HIGH_VOL": {
    "wins": 4,
    "total": 4,
    "pnl": 0.002602644375391927
  },
  "session_OVERLAP_SESSION": {
    "wins": 1,
    "total": 1,
    "pnl": 0.0006017423527580057
  },
  "session_NY_SESSION": {
    "wins": 1,
    "total": 3,
    "pnl": -0.22602217422213022
  },
  "behavior_NEUTRAL": {
    "wins": 3,
    "total": 3,
    "pnl": 0.0018810339484893746
  },
  "trend_WEAK_UPTREND": {
    "wins": 0,
    "total": 1,
    "pnl": -0.22560571289062636
  }
}