{
  "volatility_NORMAL_VOL": {
    "wins": 2864,
    "total": 6845,
    "pnl": 110.84613955455225
  },
  "trend_RANGING": {
    "wins": 2626,
    "total": 6611,
    "pnl": 0.036539954764514326
  },
  "session_ASIA_SESSION": {
    "wins": 2193,
    "total": 5710,
    "pnl": 29.191761321783705
  },
  "behavior_MEAN_REVERT": {
    "wins": 2288,
    "total": 5598,
    "pnl": 81.73868116893169
  },
  "volatility_EXTREME_VOL": {
    "wins": 2,
    "total": 62,
    "pnl": 4.446791027162755
  },
  "session_LONDON_SESSION": {
    "wins": 991,
    "total": 2560,
    "pnl": 19.549579526254547
  },
  "trend_WEAK_DOWNTREND": {
    "wins": 2,
    "total": 3,
    "pnl": 0.00022380592141835187
  },
  "volatility_HIGH_VOL": {
    "wins": 952,
    "total": 2761,
    "pnl": -51.25332142358084
  },
  "session_OVERLAP_SESSION": {
    "wins": 325,
    "total": 827,
    "pnl": 7.337619487498642
  },
  "session_NY_SESSION": {
    "wins": 396,
    "total": 1005,
    "pnl": 9.71917020502293
  },
  "behavior_NEUTRAL": {
    "wins": 1513,
    "total": 4342,
    "pnl": -19.33701702838187
  },
  "trend_WEAK_UPTREND": {
    "wins": 1277,
    "total": 3488,
    "pnl": 65.76136677987384
  },
  "behavior_MOMENTUM": {
    "wins": 104,
    "total": 162,
    "pnl": 3.3964664000100826
  },
  "volatility_LOW_VOL": {
    "wins": 87,
    "total": 434,
    "pnl": 1.7585213824253787
  }
}