{
  "volatility_NORMAL_VOL": {
    "wins": 2453,
    "total": 5857,
    "pnl": 98.6812258966061
  },
  "trend_RANGING": {
    "wins": 2253,
    "total": 5628,
    "pnl": 0.0887528930051068
  },
  "session_ASIA_SESSION": {
    "wins": 2193,
    "total": 5710,
    "pnl": 29.191761321783705
  },
  "behavior_MEAN_REVERT": {
    "wins": 1993,
    "total": 4840,
    "pnl": 73.19888766258184
  },
  "volatility_EXTREME_VOL": {
    "wins": 2,
    "total": 55,
    "pnl": 4.7941469889623765
  },
  "session_LONDON_SESSION": {
    "wins": 585,
    "total": 1450,
    "pnl": 14.444038441845679
  },
  "trend_WEAK_DOWNTREND": {
    "wins": 2,
    "total": 3,
    "pnl": 0.00022380592141835187
  },
  "volatility_HIGH_VOL": {
    "wins": 844,
    "total": 2378,
    "pnl": -44.85478122094622
  },
  "session_OVERLAP_SESSION": {
    "wins": 200,
    "total": 497,
    "pnl": 6.759330141399758
  },
  "session_NY_SESSION": {
    "wins": 396,
    "total": 1005,
    "pnl": 9.71917020502293
  },
  "behavior_NEUTRAL": {
    "wins": 1285,
    "total": 3675,
    "pnl": -16.722385865755662
  },
  "trend_WEAK_UPTREND": {
    "wins": 1119,
    "total": 3031,
    "pnl": 60.02532341112553
  },
  "behavior_MOMENTUM": {
    "wins": 96,
    "total": 147,
    "pnl": 3.637798313225873
  },
  "volatility_LOW_VOL": {
    "wins": 75,
    "total": 372,
    "pnl": 1.4937084454296747
  }
}