{
  "volatility_NORMAL_VOL": {
    "wins": 3129,
    "total": 7535,
    "pnl": 115.53209802218923
  },
  "trend_RANGING": {
    "wins": 2889,
    "total": 7321,
    "pnl": 0.006247022713949724
  },
  "session_ASIA_SESSION": {
    "wins": 2193,
    "total": 5710,
    "pnl": 29.191761321783705
  },
  "behavior_MEAN_REVERT": {
    "wins": 2477,
    "total": 6123,
    "pnl": 77.52222954319303
  },
  "volatility_EXTREME_VOL": {
    "wins": 2,
    "total": 66,
    "pnl": 4.119099114511693
  },
  "session_LONDON_SESSION": {
    "wins": 991,
    "total": 2560,
    "pnl": 19.549579526254547
  },
  "trend_WEAK_DOWNTREND": {
    "wins": 2,
    "total": 3,
    "pnl": 0.00022380592141835187
  },
  "volatility_HIGH_VOL": {
    "wins": 1009,
    "total": 2975,
    "pnl": -58.539747303604194
  },
  "session_OVERLAP_SESSION": {
    "wins": 325,
    "total": 827,
    "pnl": 7.337619487498642
  },
  "session_NY_SESSION": {
    "wins": 612,
    "total": 1634,
    "pnl": 4.8183192633564715
  },
  "behavior_NEUTRAL": {
    "wins": 1649,
    "total": 4746,
    "pnl": -18.88276085909677
  },
  "trend_WEAK_UPTREND": {
    "wins": 1345,
    "total": 3719,
    "pnl": 63.43629500906965
  },
  "behavior_MOMENTUM": {
    "wins": 110,
    "total": 174,
    "pnl": 4.803297153608964
  },
  "volatility_LOW_VOL": {
    "wins": 96,
    "total": 467,
    "pnl": 2.3313160046082353
  },
  "session_DEAD_ZONE": {
    "wins": 115,
    "total": 312,
    "pnl": 2.5454862388117063
  }
}