{
  "volatility_NORMAL_VOL": {
    "wins": 2184,
    "total": 5261,
    "pnl": 72.92644008364066
  },
  "trend_RANGING": {
    "wins": 2079,
    "total": 5157,
    "pnl": 0.06512320570435393
  },
  "session_ASIA_SESSION": {
    "wins": 1841,
    "total": 4827,
    "pnl": 10.844611666177377
  },
  "behavior_MEAN_REVERT": {
    "wins": 1762,
    "total": 4313,
    "pnl": 55.11361020726045
  },
  "volatility_EXTREME_VOL": {
    "wins": 2,
    "total": 50,
    "pnl": 3.144175265405858
  },
  "session_LONDON_SESSION": {
    "wins": 585,
    "total": 1450,
    "pnl": 14.444038441845679
  },
  "trend_WEAK_DOWNTREND": {
    "wins": 2,
    "total": 3,
    "pnl": 0.00022380592141835187
  },
  "volatility_HIGH_VOL": {
    "wins": 769,
    "total": 2126,
    "pnl": -35.744055682726604
  },
  "session_OVERLAP_SESSION": {
    "wins": 200,
    "total": 497,
    "pnl": 6.759330141399758
  },
  "session_NY_SESSION": {
    "wins": 396,
    "total": 1005,
    "pnl": 9.71917020502293
  },
  "behavior_NEUTRAL": {
    "wins": 1166,
    "total": 3325,
    "pnl": -17.206158244745478
  },
  "trend_WEAK_UPTREND": {
    "wins": 941,
    "total": 2619,
    "pnl": 41.701803442819966
  },
  "behavior_MOMENTUM": {
    "wins": 94,
    "total": 141,
    "pnl": 3.8596984919308306
  },
  "volatility_LOW_VOL": {
    "wins": 67,
    "total": 342,
    "pnl": 1.4405907881258668
  }
}