{
  "volatility_NORMAL_VOL": {
    "wins": 1166,
    "total": 3064,
    "pnl": 10.126525949878584
  },
  "trend_RANGING": {
    "wins": 1362,
    "total": 3410,
    "pnl": -0.06363322546652495
  },
  "session_ASIA_SESSION": {
    "wins": 1472,
    "total": 3926,
    "pnl": -4.680423511121619
  },
  "behavior_MEAN_REVERT": {
    "wins": 914,
    "total": 2363,
    "pnl": 7.228493599202263
  },
  "volatility_EXTREME_VOL": {
    "wins": 2,
    "total": 25,
    "pnl": -1.994719173337733
  },
  "session_LONDON_SESSION": {
    "wins": 223,
    "total": 534,
    "pnl": 11.237307842867791
  },
  "trend_WEAK_DOWNTREND": {
    "wins": 2,
    "total": 3,
    "pnl": 0.00022380592141835187
  },
  "volatility_HIGH_VOL": {
    "wins": 489,
    "total": 1161,
    "pnl": -2.997177220974332
  },
  "session_OVERLAP_SESSION": {
    "wins": 3,
    "total": 5,
    "pnl": 0.000718672769409956
  },
  "session_NY_SESSION": {
    "wins": 2,
    "total": 7,
    "pnl": -0.22729406315939893
  },
  "behavior_NEUTRAL": {
    "wins": 728,
    "total": 2029,
    "pnl": -3.550973940287111
  },
  "trend_WEAK_UPTREND": {
    "wins": 336,
    "total": 1059,
    "pnl": 6.393718360901289
  },
  "behavior_MOMENTUM": {
    "wins": 58,
    "total": 80,
    "pnl": 2.6527892824410424
  },
  "volatility_LOW_VOL": {
    "wins": 43,
    "total": 222,
    "pnl": 1.1956793857896835
  }
}