{
  "volatility_NORMAL_VOL": {
    "wins": 7,
    "total": 12,
    "pnl": -0.03022672908644375
  },
  "trend_RANGING": {
    "wins": 11,
    "total": 19,
    "pnl": 0.001515800152506186
  },
  "session_ASIA_SESSION": {
    "wins": 3,
    "total": 6,
    "pnl": -0.03034974837300819
  },
  "behavior_MEAN_REVERT": {
    "wins": 7,
    "total": 15,
    "pnl": 0.030156819599020723
  },
  "volatility_EXTREME_VOL": {
    "wins": 1,
    "total": 4,
    "pnl": -0.22661772700718585
  },
  "session_LONDON_SESSION": {
    "wins": 6,
    "total": 8,
    "pnl": 0.0018712987048286056
  },
  "trend_WEAK_DOWNTREND": {
    "wins": 2,
    "total": 3,
    "pnl": 0.00022380592141835187
  },
  "volatility_HIGH_VOL": {
    "wins": 6,
    "total": 10,
    "pnl": 0.0017906160354610456
  },
  "session_OVERLAP_SESSION": {
    "wins": 3,
    "total": 5,
    "pnl": 0.000718672769409956
  },
  "session_NY_SESSION": {
    "wins": 2,
    "total": 7,
    "pnl": -0.22729406315939893
  },
  "behavior_NEUTRAL": {
    "wins": 7,
    "total": 10,
    "pnl": -0.2842759618248094
  },
  "trend_WEAK_UPTREND": {
    "wins": 1,
    "total": 4,
    "pnl": -0.2567934461320931
  },
  "behavior_MOMENTUM": {
    "wins": 0,
    "total": 1,
    "pnl": -0.0009346978323798716
  }
}