{
  "volatility_NORMAL_VOL": {
    "wins": 2320,
    "total": 5578,
    "pnl": 82.80100013366835
  },
  "trend_RANGING": {
    "wins": 2172,
    "total": 5407,
    "pnl": 0.06388775851897455
  },
  "session_ASIA_SESSION": {
    "wins": 2024,
    "total": 5296,
    "pnl": 18.32631914894122
  },
  "behavior_MEAN_REVERT": {
    "wins": 1885,
    "total": 4589,
    "pnl": 63.546964523018254
  },
  "volatility_EXTREME_VOL": {
    "wins": 2,
    "total": 53,
    "pnl": 4.237192843530858
  },
  "session_LONDON_SESSION": {
    "wins": 585,
    "total": 1450,
    "pnl": 14.444038441845679
  },
  "trend_WEAK_DOWNTREND": {
    "wins": 2,
    "total": 3,
    "pnl": 0.00022380592141835187
  },
  "volatility_HIGH_VOL": {
    "wins": 811,
    "total": 2256,
    "pnl": -39.267630653601984
  },
  "session_OVERLAP_SESSION": {
    "wins": 200,
    "total": 497,
    "pnl": 6.759330141399758
  },
  "session_NY_SESSION": {
    "wins": 396,
    "total": 1005,
    "pnl": 9.71917020502293
  },
  "behavior_NEUTRAL": {
    "wins": 1225,
    "total": 3514,
    "pnl": -18.05626603216715
  },
  "trend_WEAK_UPTREND": {
    "wins": 1031,
    "total": 2838,
    "pnl": 49.18474637276918
  },
  "behavior_MOMENTUM": {
    "wins": 95,
    "total": 145,
    "pnl": 3.758159446358542
  },
  "volatility_LOW_VOL": {
    "wins": 72,
    "total": 361,
    "pnl": 1.478295613612315
  }
}