{
  "volatility_NORMAL_VOL": {
    "wins": 2768,
    "total": 6612,
    "pnl": 109.42543693278581
  },
  "trend_RANGING": {
    "wins": 2528,
    "total": 6370,
    "pnl": 0.018982474684726802
  },
  "session_ASIA_SESSION": {
    "wins": 2193,
    "total": 5710,
    "pnl": 29.191761321783705
  },
  "behavior_MEAN_REVERT": {
    "wins": 2220,
    "total": 5411,
    "pnl": 81.3820717372137
  },
  "volatility_EXTREME_VOL": {
    "wins": 2,
    "total": 60,
    "pnl": 5.002654646013463
  },
  "session_LONDON_SESSION": {
    "wins": 991,
    "total": 2560,
    "pnl": 19.549579526254547
  },
  "trend_WEAK_DOWNTREND": {
    "wins": 2,
    "total": 3,
    "pnl": 0.00022380592141835187
  },
  "volatility_HIGH_VOL": {
    "wins": 924,
    "total": 2680,
    "pnl": -51.1843740611068
  },
  "session_OVERLAP_SESSION": {
    "wins": 200,
    "total": 497,
    "pnl": 6.759330141399758
  },
  "session_NY_SESSION": {
    "wins": 396,
    "total": 1005,
    "pnl": 9.71917020502293
  },
  "behavior_NEUTRAL": {
    "wins": 1460,
    "total": 4205,
    "pnl": -19.559113668636712
  },
  "trend_WEAK_UPTREND": {
    "wins": 1250,
    "total": 3399,
    "pnl": 65.20063491385474
  },
  "behavior_MOMENTUM": {
    "wins": 100,
    "total": 156,
    "pnl": 3.39688312588403
  },
  "volatility_LOW_VOL": {
    "wins": 86,
    "total": 420,
    "pnl": 1.976123676768232
  }
}