{
  "volatility_NORMAL_VOL": {
    "wins": 679,
    "total": 1894,
    "pnl": -3.000778648597688
  },
  "trend_RANGING": {
    "wins": 832,
    "total": 2093,
    "pnl": -0.09343774598836108
  },
  "session_ASIA_SESSION": {
    "wins": 1002,
    "total": 2692,
    "pnl": -7.795248133991189
  },
  "behavior_MEAN_REVERT": {
    "wins": 557,
    "total": 1487,
    "pnl": -7.0033841552135625
  },
  "volatility_EXTREME_VOL": {
    "wins": 2,
    "total": 17,
    "pnl": -1.6634560185926313
  },
  "session_LONDON_SESSION": {
    "wins": 6,
    "total": 8,
    "pnl": 0.0018712987048286056
  },
  "trend_WEAK_DOWNTREND": {
    "wins": 2,
    "total": 3,
    "pnl": 0.00022380592141835187
  },
  "volatility_HIGH_VOL": {
    "wins": 305,
    "total": 678,
    "pnl": -4.421400446431787
  },
  "session_OVERLAP_SESSION": {
    "wins": 3,
    "total": 5,
    "pnl": 0.000718672769409956
  },
  "session_NY_SESSION": {
    "wins": 2,
    "total": 7,
    "pnl": -0.22729406315939893
  },
  "behavior_NEUTRAL": {
    "wins": 432,
    "total": 1186,
    "pnl": -1.828645609412828
  },
  "trend_WEAK_UPTREND": {
    "wins": 179,
    "total": 616,
    "pnl": -7.926738285609389
  },
  "behavior_MOMENTUM": {
    "wins": 24,
    "total": 39,
    "pnl": 0.8120775389500574
  },
  "volatility_LOW_VOL": {
    "wins": 27,
    "total": 123,
    "pnl": 1.0656828879457838
  }
}