{
  "total_updates": 6,
  "total_trades": 3,
  "profitable_trades": 2,
  "total_pnl": -0.18641333018029038,
  "win_rate": 0.6666666666666666,
  "avg_reward": 33.92823341196086,
  "epsilon_history": [
    0.7,
    0.7,
    0.7,
    0.7,
    0.7,
    0.7
  ],
  "q_value_history": [
    0.06403906310040923,
    0.07353244037363814,
    0.08580656738914871,
    0.09307775430886293,
    0.12114110721946143,
    0.15275343971591238
  ],
  "pipeline_trades_learned": 0,
  "pipeline_v6_learned": 47,
  "live_validated": 3,
  "backtest_learned": 0,
  "total_learning_sources": 28,
  "rbed_milestones": [],
  "consecutive_losses": 1,
  "v20_1_archive": {
    "total_updates": 0,
    "total_trades": 0,
    "profitable_trades": 0,
    "total_pnl": 0.0,
    "win_rate": 0.0,
    "avg_reward": 0.0,
    "epsilon_history": [],
    "q_value_history": [],
    "pipeline_trades_learned": 0,
    "last_pipeline_sync": null,
    "rbed_milestones": [],
    "consecutive_losses": 0
  },
  "reset_date": "2025-11-27T19:59:18.243222+00:00",
  "reset_reason": "v20.2 Multi-Source Learning Upgrade"
}