{
  "timestamp": "2025-10-30T05:36:56.287718+00:00",
  "pairs": {
    "USD/JPY": {
      "signals": {
        "1m_7d": {
          "signal": 0,
          "live": 152.95,
          "SL": 144.85807,
          "TP": 161.04193
        },
        "5m_1mo": {
          "signal": 1,
          "live": 152.95,
          "SL": 144.81447,
          "TP": 161.08553
        },
        "15m_60d": {
          "signal": 0,
          "live": 152.95,
          "SL": 144.83193,
          "TP": 161.06807
        },
        "1h_2y": {
          "signal": 1,
          "live": 152.95,
          "SL": 144.84446,
          "TP": 161.05554
        },
        "1d_5y": {
          "signal": 1,
          "live": 152.95,
          "SL": 144.81419,
          "TP": 161.08581
        }
      },
      "aggregated": "STRONG_LONG"
    },
    "GBP/USD": {
      "signals": {
        "1m_7d": {
          "signal": 1,
          "live": 1.32,
          "SL": 1.202,
          "TP": 1.438
        },
        "5m_1mo": {
          "signal": 1,
          "live": 1.32,
          "SL": 1.20203,
          "TP": 1.43797
        },
        "15m_60d": {
          "signal": 1,
          "live": 1.32,
          "SL": 1.20189,
          "TP": 1.43811
        },
        "1h_2y": {
          "signal": 0,
          "live": 1.32,
          "SL": 1.2018,
          "TP": 1.4382
        },
        "1d_5y": {
          "signal": 1,
          "live": 1.32,
          "SL": 1.202,
          "TP": 1.438
        }
      },
      "aggregated": "STRONG_LONG"
    },
    "AUD/USD": {
      "signals": {
        "1m_7d": {
          "signal": 1,
          "live": 0.659,
          "SL": 0.57579,
          "TP": 0.74221
        },
        "5m_1mo": {
          "signal": 1,
          "live": 0.659,
          "SL": 0.57578,
          "TP": 0.74222
        },
        "15m_60d": {
          "signal": 1,
          "live": 0.659,
          "SL": 0.57574,
          "TP": 0.74226
        },
        "1h_2y": {
          "signal": 1,
          "live": 0.659,
          "SL": 0.57581,
          "TP": 0.74219
        },
        "1d_5y": {
          "signal": 1,
          "live": 0.659,
          "SL": 0.57581,
          "TP": 0.74219
        }
      },
      "aggregated": "STRONG_LONG"
    },
    "EUR/USD": {
      "signals": {
        "1m_7d": {
          "signal": 1,
          "live": 1.162,
          "SL": 1.05229,
          "TP": 1.27171
        },
        "5m_1mo": {
          "signal": 1,
          "live": 1.162,
          "SL": 1.0522,
          "TP": 1.2718
        },
        "15m_60d": {
          "signal": 1,
          "live": 1.162,
          "SL": 1.05241,
          "TP": 1.27159
        },
        "1h_2y": {
          "signal": 1,
          "live": 1.162,
          "SL": 1.05231,
          "TP": 1.27169
        },
        "1d_5y": {
          "signal": 1,
          "live": 1.162,
          "SL": 1.05218,
          "TP": 1.27182
        }
      },
      "aggregated": "STRONG_LONG"
    }
  }
}