{
  "timestamp": "2025-10-23T04:14:20.365307+00:00",
  "pairs": {
    "AUD/USD": {
      "signals": {
        "1m_7d": {
          "signal": 1,
          "live": 0.6481,
          "SL": 0.60355,
          "TP": 0.69265
        },
        "5m_1mo": {
          "signal": 0,
          "live": 0.6481,
          "SL": 0.60356,
          "TP": 0.69264
        },
        "15m_60d": {
          "signal": 0,
          "live": 0.6481,
          "SL": 0.60357,
          "TP": 0.69263
        },
        "1h_2y": {
          "signal": 0,
          "live": 0.6481,
          "SL": 0.60357,
          "TP": 0.69263
        },
        "1d_5y": {
          "signal": 0,
          "live": 0.6481,
          "SL": 0.60344,
          "TP": 0.69276
        }
      },
      "aggregated": "STRONG_SHORT"
    },
    "EUR/USD": {
      "signals": {
        "1m_7d": {
          "signal": 0,
          "live": 1.159,
          "SL": 1.08718,
          "TP": 1.23082
        },
        "5m_1mo": {
          "signal": 1,
          "live": 1.159,
          "SL": 1.0873,
          "TP": 1.2307
        },
        "15m_60d": {
          "signal": 1,
          "live": 1.159,
          "SL": 1.08726,
          "TP": 1.23074
        },
        "1h_2y": {
          "signal": 0,
          "live": 1.159,
          "SL": 1.08737,
          "TP": 1.23063
        },
        "1d_5y": {
          "signal": 1,
          "live": 1.159,
          "SL": 1.08723,
          "TP": 1.23077
        }
      },
      "aggregated": "STRONG_LONG"
    },
    "GBP/USD": {
      "signals": {
        "1m_7d": {
          "signal": 1,
          "live": 1.333,
          "SL": 1.25206,
          "TP": 1.41394
        },
        "5m_1mo": {
          "signal": 1,
          "live": 1.333,
          "SL": 1.25211,
          "TP": 1.41389
        },
        "15m_60d": {
          "signal": 0,
          "live": 1.333,
          "SL": 1.25202,
          "TP": 1.41398
        },
        "1h_2y": {
          "signal": 1,
          "live": 1.333,
          "SL": 1.25198,
          "TP": 1.41402
        },
        "1d_5y": {
          "signal": 1,
          "live": 1.333,
          "SL": 1.25195,
          "TP": 1.41405
        }
      },
      "aggregated": "STRONG_LONG"
    },
    "USD/JPY": {
      "signals": {
        "1m_7d": {
          "signal": 1,
          "live": 152.52,
          "SL": 144.3815,
          "TP": 160.6585
        },
        "5m_1mo": {
          "signal": 1,
          "live": 152.52,
          "SL": 144.38905,
          "TP": 160.65095
        },
        "15m_60d": {
          "signal": 1,
          "live": 152.52,
          "SL": 144.38716,
          "TP": 160.65284
        },
        "1h_2y": {
          "signal": 1,
          "live": 152.52,
          "SL": 144.38968,
          "TP": 160.65032
        },
        "1d_5y": {
          "signal": 1,
          "live": 152.52,
          "SL": 144.38908,
          "TP": 160.65092
        }
      },
      "aggregated": "STRONG_LONG"
    }
  }
}