{
  "timestamp": "2025-10-31T01:32:11.866471+00:00",
  "pairs": {
    "USD/JPY": {
      "signals": {
        "1m_7d": {
          "signal": 1,
          "live": 153.7,
          "SL": 145.5531,
          "TP": 161.8469
        },
        "5m_1mo": {
          "signal": 1,
          "live": 153.7,
          "SL": 145.54209,
          "TP": 161.85791
        },
        "15m_60d": {
          "signal": 0,
          "live": 153.7,
          "SL": 145.56077,
          "TP": 161.83923
        },
        "1h_2y": {
          "signal": 1,
          "live": 153.7,
          "SL": 145.55539,
          "TP": 161.84461
        },
        "1d_5y": {
          "signal": 1,
          "live": 153.7,
          "SL": 145.55254,
          "TP": 161.84746
        }
      },
      "aggregated": "STRONG_LONG"
    },
    "AUD/USD": {
      "signals": {
        "1m_7d": {
          "signal": 1,
          "live": 0.6554,
          "SL": 0.57235,
          "TP": 0.73845
        },
        "5m_1mo": {
          "signal": 1,
          "live": 0.6554,
          "SL": 0.57236,
          "TP": 0.73844
        },
        "15m_60d": {
          "signal": 1,
          "live": 0.6554,
          "SL": 0.57234,
          "TP": 0.73846
        },
        "1h_2y": {
          "signal": 1,
          "live": 0.6554,
          "SL": 0.57235,
          "TP": 0.73845
        },
        "1d_5y": {
          "signal": 1,
          "live": 0.6554,
          "SL": 0.57233,
          "TP": 0.73847
        }
      },
      "aggregated": "STRONG_LONG"
    },
    "GBP/USD": {
      "signals": {
        "1m_7d": {
          "signal": 0,
          "live": 1.316,
          "SL": 1.19808,
          "TP": 1.43392
        },
        "5m_1mo": {
          "signal": 1,
          "live": 1.316,
          "SL": 1.19818,
          "TP": 1.43382
        },
        "15m_60d": {
          "signal": 0,
          "live": 1.316,
          "SL": 1.19819,
          "TP": 1.43381
        },
        "1h_2y": {
          "signal": 1,
          "live": 1.316,
          "SL": 1.19807,
          "TP": 1.43393
        },
        "1d_5y": {
          "signal": 0,
          "live": 1.316,
          "SL": 1.19796,
          "TP": 1.43404
        }
      },
      "aggregated": "STRONG_SHORT"
    },
    "EUR/USD": {
      "signals": {
        "1m_7d": {
          "signal": 1,
          "live": 1.157,
          "SL": 1.04763,
          "TP": 1.26637
        },
        "5m_1mo": {
          "signal": 1,
          "live": 1.157,
          "SL": 1.04762,
          "TP": 1.26638
        },
        "15m_60d": {
          "signal": 1,
          "live": 1.157,
          "SL": 1.04758,
          "TP": 1.26642
        },
        "1h_2y": {
          "signal": 1,
          "live": 1.157,
          "SL": 1.04768,
          "TP": 1.26632
        },
        "1d_5y": {
          "signal": 1,
          "live": 1.157,
          "SL": 1.04762,
          "TP": 1.26638
        }
      },
      "aggregated": "STRONG_LONG"
    }
  }
}