{
  "timestamp": "2025-11-01T12:14:06.351602+00:00",
  "pairs": {
    "USD/JPY": {
      "signals": {
        "1m_7d": {
          "signal": 1,
          "live": 154.03,
          "SL": 145.85676,
          "TP": 162.20324
        },
        "5m_1mo": {
          "signal": 1,
          "live": 154.03,
          "SL": 145.8584,
          "TP": 162.2016
        },
        "15m_60d": {
          "signal": 1,
          "live": 154.03,
          "SL": 145.85611,
          "TP": 162.20389
        },
        "1h_2y": {
          "signal": 1,
          "live": 154.03,
          "SL": 145.84975,
          "TP": 162.21025
        },
        "1d_5y": {
          "signal": 1,
          "live": 154.03,
          "SL": 145.86933,
          "TP": 162.19067
        }
      },
      "aggregated": "STRONG_LONG"
    },
    "GBP/USD": {
      "signals": {
        "1m_7d": {
          "signal": 1,
          "live": 1.315,
          "SL": 1.19731,
          "TP": 1.43269
        },
        "5m_1mo": {
          "signal": 1,
          "live": 1.315,
          "SL": 1.19708,
          "TP": 1.43292
        },
        "15m_60d": {
          "signal": 0,
          "live": 1.315,
          "SL": 1.19729,
          "TP": 1.43271
        },
        "1h_2y": {
          "signal": 1,
          "live": 1.315,
          "SL": 1.19738,
          "TP": 1.43262
        },
        "1d_5y": {
          "signal": 0,
          "live": 1.315,
          "SL": 1.19728,
          "TP": 1.43272
        }
      },
      "aggregated": "HOLD"
    },
    "AUD/USD": {
      "signals": {
        "1m_7d": {
          "signal": 1,
          "live": 0.654,
          "SL": 0.57102,
          "TP": 0.73698
        },
        "5m_1mo": {
          "signal": 1,
          "live": 0.654,
          "SL": 0.57105,
          "TP": 0.73695
        },
        "15m_60d": {
          "signal": 1,
          "live": 0.654,
          "SL": 0.57098,
          "TP": 0.73702
        },
        "1h_2y": {
          "signal": 1,
          "live": 0.654,
          "SL": 0.57102,
          "TP": 0.73698
        },
        "1d_5y": {
          "signal": 1,
          "live": 0.654,
          "SL": 0.57096,
          "TP": 0.73704
        }
      },
      "aggregated": "STRONG_LONG"
    },
    "EUR/USD": {
      "signals": {
        "1m_7d": {
          "signal": 1,
          "live": 1.154,
          "SL": 1.04467,
          "TP": 1.26333
        },
        "5m_1mo": {
          "signal": 1,
          "live": 1.154,
          "SL": 1.04454,
          "TP": 1.26346
        },
        "15m_60d": {
          "signal": 1,
          "live": 1.154,
          "SL": 1.04452,
          "TP": 1.26348
        },
        "1h_2y": {
          "signal": 1,
          "live": 1.154,
          "SL": 1.04467,
          "TP": 1.26333
        },
        "1d_5y": {
          "signal": 0,
          "live": 1.154,
          "SL": 1.04457,
          "TP": 1.26343
        }
      },
      "aggregated": "STRONG_LONG"
    }
  }
}