{
  "timestamp": "2025-11-01T11:03:23.763794+00:00",
  "pairs": {
    "USD/JPY": {
      "signals": {
        "1m_7d": {
          "signal": 1,
          "live": 154.02,
          "SL": 145.86038,
          "TP": 162.17962
        },
        "5m_1mo": {
          "signal": 0,
          "live": 154.02,
          "SL": 145.83841,
          "TP": 162.20159
        },
        "15m_60d": {
          "signal": 1,
          "live": 154.02,
          "SL": 145.85149,
          "TP": 162.18851
        },
        "1h_2y": {
          "signal": 0,
          "live": 154.02,
          "SL": 145.87048,
          "TP": 162.16952
        },
        "1d_5y": {
          "signal": 1,
          "live": 154.02,
          "SL": 145.8372,
          "TP": 162.2028
        }
      },
      "aggregated": "STRONG_LONG"
    },
    "GBP/USD": {
      "signals": {
        "1m_7d": {
          "signal": 1,
          "live": 1.315,
          "SL": 1.19714,
          "TP": 1.43286
        },
        "5m_1mo": {
          "signal": 1,
          "live": 1.315,
          "SL": 1.19723,
          "TP": 1.43277
        },
        "15m_60d": {
          "signal": 1,
          "live": 1.315,
          "SL": 1.19723,
          "TP": 1.43277
        },
        "1h_2y": {
          "signal": 1,
          "live": 1.315,
          "SL": 1.19717,
          "TP": 1.43283
        },
        "1d_5y": {
          "signal": 0,
          "live": 1.315,
          "SL": 1.19723,
          "TP": 1.43277
        }
      },
      "aggregated": "STRONG_LONG"
    },
    "AUD/USD": {
      "signals": {
        "1m_7d": {
          "signal": 1,
          "live": 0.654,
          "SL": 0.57103,
          "TP": 0.73697
        },
        "5m_1mo": {
          "signal": 1,
          "live": 0.654,
          "SL": 0.57108,
          "TP": 0.73692
        },
        "15m_60d": {
          "signal": 1,
          "live": 0.654,
          "SL": 0.57098,
          "TP": 0.73702
        },
        "1h_2y": {
          "signal": 1,
          "live": 0.654,
          "SL": 0.57101,
          "TP": 0.73699
        },
        "1d_5y": {
          "signal": 1,
          "live": 0.654,
          "SL": 0.57098,
          "TP": 0.73702
        }
      },
      "aggregated": "STRONG_LONG"
    },
    "EUR/USD": {
      "signals": {
        "1m_7d": {
          "signal": 1,
          "live": 1.154,
          "SL": 1.04461,
          "TP": 1.26339
        },
        "5m_1mo": {
          "signal": 1,
          "live": 1.154,
          "SL": 1.04477,
          "TP": 1.26323
        },
        "15m_60d": {
          "signal": 1,
          "live": 1.154,
          "SL": 1.04473,
          "TP": 1.26327
        },
        "1h_2y": {
          "signal": 1,
          "live": 1.154,
          "SL": 1.04473,
          "TP": 1.26327
        },
        "1d_5y": {
          "signal": 1,
          "live": 1.154,
          "SL": 1.04471,
          "TP": 1.26329
        }
      },
      "aggregated": "STRONG_LONG"
    }
  }
}