{
  "timestamp": "2025-10-21T00:05:21.807678+00:00",
  "pairs": {
    "GBP/USD": {
      "signals": {
        "1m_7d": {
          "signal": 1,
          "live": 1.34,
          "SL": 1.26859,
          "TP": 1.41141
        },
        "5m_1mo": {
          "signal": 1,
          "live": 1.34,
          "SL": 1.26866,
          "TP": 1.41134
        },
        "15m_60d": {
          "signal": 1,
          "live": 1.34,
          "SL": 1.26862,
          "TP": 1.41138
        },
        "1h_2y": {
          "signal": 1,
          "live": 1.34,
          "SL": 1.26867,
          "TP": 1.41133
        },
        "1d_5y": {
          "signal": 1,
          "live": 1.34,
          "SL": 1.26866,
          "TP": 1.41134
        }
      },
      "aggregated": "STRONG_LONG"
    },
    "AUD/USD": {
      "signals": {
        "1m_7d": {
          "signal": 1,
          "live": 0.6516,
          "SL": 0.6169,
          "TP": 0.6863
        },
        "5m_1mo": {
          "signal": 1,
          "live": 0.6516,
          "SL": 0.61694,
          "TP": 0.68626
        },
        "15m_60d": {
          "signal": 1,
          "live": 0.6516,
          "SL": 0.61691,
          "TP": 0.68629
        },
        "1h_2y": {
          "signal": 1,
          "live": 0.6516,
          "SL": 0.61693,
          "TP": 0.68627
        },
        "1d_5y": {
          "signal": 1,
          "live": 0.6516,
          "SL": 0.61694,
          "TP": 0.68626
        }
      },
      "aggregated": "STRONG_LONG"
    },
    "USD/JPY": {
      "signals": {
        "1m_7d": {
          "signal": 1,
          "live": 150.67,
          "SL": 142.61791,
          "TP": 158.72209
        },
        "5m_1mo": {
          "signal": 1,
          "live": 150.67,
          "SL": 142.65051,
          "TP": 158.68949
        },
        "15m_60d": {
          "signal": 1,
          "live": 150.67,
          "SL": 142.62638,
          "TP": 158.71362
        },
        "1h_2y": {
          "signal": 1,
          "live": 150.67,
          "SL": 142.65791,
          "TP": 158.68209
        },
        "1d_5y": {
          "signal": 1,
          "live": 150.67,
          "SL": 142.63097,
          "TP": 158.70903
        }
      },
      "aggregated": "STRONG_LONG"
    },
    "EUR/USD": {
      "signals": {
        "1m_7d": {
          "signal": 1,
          "live": 1.164,
          "SL": 1.10198,
          "TP": 1.22602
        },
        "5m_1mo": {
          "signal": 1,
          "live": 1.164,
          "SL": 1.1019,
          "TP": 1.2261
        },
        "15m_60d": {
          "signal": 1,
          "live": 1.164,
          "SL": 1.10209,
          "TP": 1.22591
        },
        "1h_2y": {
          "signal": 1,
          "live": 1.164,
          "SL": 1.10193,
          "TP": 1.22607
        },
        "1d_5y": {
          "signal": 1,
          "live": 1.164,
          "SL": 1.10211,
          "TP": 1.22589
        }
      },
      "aggregated": "STRONG_LONG"
    }
  }
}