{
  "timestamp": "2025-11-05T21:27:11.103819+00:00",
  "pairs": {
    "USD/JPY": {
      "signals": {
        "1m_7d": {
          "signal": 1,
          "live": 154.11,
          "SL": 145.94058,
          "TP": 162.27942
        },
        "5m_1mo": {
          "signal": 1,
          "live": 154.11,
          "SL": 145.93416,
          "TP": 162.28584
        },
        "15m_60d": {
          "signal": 1,
          "live": 154.11,
          "SL": 145.93312,
          "TP": 162.28688
        },
        "1h_2y": {
          "signal": 1,
          "live": 154.11,
          "SL": 145.95882,
          "TP": 162.26118
        },
        "1d_5y": {
          "signal": 1,
          "live": 154.11,
          "SL": 145.95688,
          "TP": 162.26312
        }
      },
      "aggregated": "STRONG_LONG"
    },
    "GBP/USD": {
      "signals": {
        "1m_7d": {
          "signal": 0,
          "live": 1.305,
          "SL": 1.18778,
          "TP": 1.42222
        },
        "5m_1mo": {
          "signal": 0,
          "live": 1.305,
          "SL": 1.18768,
          "TP": 1.42232
        },
        "15m_60d": {
          "signal": 0,
          "live": 1.305,
          "SL": 1.18776,
          "TP": 1.42224
        },
        "1h_2y": {
          "signal": 1,
          "live": 1.305,
          "SL": 1.18796,
          "TP": 1.42204
        },
        "1d_5y": {
          "signal": 1,
          "live": 1.305,
          "SL": 1.18777,
          "TP": 1.42223
        }
      },
      "aggregated": "STRONG_LONG"
    },
    "AUD/USD": {
      "signals": {
        "1m_7d": {
          "signal": 0,
          "live": 0.6506,
          "SL": 0.5678,
          "TP": 0.7334
        },
        "5m_1mo": {
          "signal": 1,
          "live": 0.6506,
          "SL": 0.56785,
          "TP": 0.73335
        },
        "15m_60d": {
          "signal": 1,
          "live": 0.6506,
          "SL": 0.56773,
          "TP": 0.73347
        },
        "1h_2y": {
          "signal": 1,
          "live": 0.6506,
          "SL": 0.56785,
          "TP": 0.73335
        },
        "1d_5y": {
          "signal": 1,
          "live": 0.6506,
          "SL": 0.56786,
          "TP": 0.73334
        }
      },
      "aggregated": "STRONG_LONG"
    },
    "EUR/USD": {
      "signals": {
        "1m_7d": {
          "signal": 1,
          "live": 1.149,
          "SL": 1.03988,
          "TP": 1.25812
        },
        "5m_1mo": {
          "signal": 0,
          "live": 1.149,
          "SL": 1.04004,
          "TP": 1.25796
        },
        "15m_60d": {
          "signal": 1,
          "live": 1.149,
          "SL": 1.04003,
          "TP": 1.25797
        },
        "1h_2y": {
          "signal": 1,
          "live": 1.149,
          "SL": 1.04008,
          "TP": 1.25792
        },
        "1d_5y": {
          "signal": 1,
          "live": 1.149,
          "SL": 1.04003,
          "TP": 1.25797
        }
      },
      "aggregated": "STRONG_LONG"
    }
  }
}