{
  "timestamp": "2025-11-04T05:03:16.967284+00:00",
  "pairs": {
    "GBP/USD": {
      "signals": {
        "1m_7d": {
          "signal": 1,
          "live": 1.312,
          "SL": 1.24138,
          "TP": 1.38262
        },
        "5m_1mo": {
          "signal": 1,
          "live": 1.312,
          "SL": 1.24145,
          "TP": 1.38255
        },
        "15m_60d": {
          "signal": 0,
          "live": 1.312,
          "SL": 1.24132,
          "TP": 1.38268
        },
        "1h_2y": {
          "signal": 0,
          "live": 1.312,
          "SL": 1.2415,
          "TP": 1.3825
        },
        "1d_5y": {
          "signal": 1,
          "live": 1.312,
          "SL": 1.24128,
          "TP": 1.38272
        }
      },
      "aggregated": "HOLD"
    },
    "EUR/USD": {
      "signals": {
        "1m_7d": {
          "signal": 1,
          "live": 1.15,
          "SL": 1.07616,
          "TP": 1.22384
        },
        "5m_1mo": {
          "signal": 1,
          "live": 1.15,
          "SL": 1.07615,
          "TP": 1.22385
        },
        "15m_60d": {
          "signal": 1,
          "live": 1.15,
          "SL": 1.07616,
          "TP": 1.22384
        },
        "1h_2y": {
          "signal": 0,
          "live": 1.15,
          "SL": 1.07615,
          "TP": 1.22385
        },
        "1d_5y": {
          "signal": 1,
          "live": 1.15,
          "SL": 1.07614,
          "TP": 1.22386
        }
      },
      "aggregated": "STRONG_LONG"
    },
    "USD/JPY": {
      "signals": {
        "1m_7d": {
          "signal": 1,
          "live": 154.07,
          "SL": 146.11209,
          "TP": 162.02791
        },
        "5m_1mo": {
          "signal": 1,
          "live": 154.07,
          "SL": 146.12649,
          "TP": 162.01351
        },
        "15m_60d": {
          "signal": 1,
          "live": 154.07,
          "SL": 146.13175,
          "TP": 162.00825
        },
        "1h_2y": {
          "signal": 0,
          "live": 154.07,
          "SL": 146.10175,
          "TP": 162.03825
        },
        "1d_5y": {
          "signal": 1,
          "live": 154.07,
          "SL": 146.10108,
          "TP": 162.03892
        }
      },
      "aggregated": "STRONG_LONG"
    },
    "AUD/USD": {
      "signals": {
        "1m_7d": {
          "signal": 1,
          "live": 0.6531,
          "SL": 0.57211,
          "TP": 0.73409
        },
        "5m_1mo": {
          "signal": 1,
          "live": 0.6531,
          "SL": 0.57217,
          "TP": 0.73403
        },
        "15m_60d": {
          "signal": 1,
          "live": 0.6531,
          "SL": 0.57219,
          "TP": 0.73401
        },
        "1h_2y": {
          "signal": 0,
          "live": 0.6531,
          "SL": 0.57213,
          "TP": 0.73407
        },
        "1d_5y": {
          "signal": 0,
          "live": 0.6531,
          "SL": 0.5721,
          "TP": 0.7341
        }
      },
      "aggregated": "STRONG_SHORT"
    }
  }
}