{
  "timestamp": "2025-10-23T22:42:46.940249+00:00",
  "pairs": {
    "EUR/USD": {
      "signals": {
        "1m_7d": {
          "signal": 1,
          "live": 1.162,
          "SL": 1.05883,
          "TP": 1.26517
        },
        "5m_1mo": {
          "signal": 1,
          "live": 1.162,
          "SL": 1.05885,
          "TP": 1.26515
        },
        "15m_60d": {
          "signal": 1,
          "live": 1.162,
          "SL": 1.059,
          "TP": 1.265
        },
        "1h_2y": {
          "signal": 0,
          "live": 1.162,
          "SL": 1.05916,
          "TP": 1.26484
        },
        "1d_5y": {
          "signal": 1,
          "live": 1.162,
          "SL": 1.05916,
          "TP": 1.26484
        }
      },
      "aggregated": "STRONG_LONG"
    },
    "USD/JPY": {
      "signals": {
        "1m_7d": {
          "signal": 0,
          "live": 152.54,
          "SL": 140.32302,
          "TP": 164.75698
        },
        "5m_1mo": {
          "signal": 1,
          "live": 152.54,
          "SL": 140.32944,
          "TP": 164.75056
        },
        "15m_60d": {
          "signal": 0,
          "live": 152.54,
          "SL": 140.32668,
          "TP": 164.75332
        },
        "1h_2y": {
          "signal": 1,
          "live": 152.54,
          "SL": 140.31646,
          "TP": 164.76354
        },
        "1d_5y": {
          "signal": 1,
          "live": 152.54,
          "SL": 140.34332,
          "TP": 164.73668
        }
      },
      "aggregated": "STRONG_LONG"
    },
    "AUD/USD": {
      "signals": {
        "1m_7d": {
          "signal": 1,
          "live": 0.6514,
          "SL": 0.58345,
          "TP": 0.71935
        },
        "5m_1mo": {
          "signal": 0,
          "live": 0.6514,
          "SL": 0.58335,
          "TP": 0.71945
        },
        "15m_60d": {
          "signal": 1,
          "live": 0.6514,
          "SL": 0.58339,
          "TP": 0.71941
        },
        "1h_2y": {
          "signal": 0,
          "live": 0.6514,
          "SL": 0.58339,
          "TP": 0.71941
        },
        "1d_5y": {
          "signal": 0,
          "live": 0.6514,
          "SL": 0.58335,
          "TP": 0.71945
        }
      },
      "aggregated": "STRONG_SHORT"
    },
    "GBP/USD": {
      "signals": {
        "1m_7d": {
          "signal": 1,
          "live": 1.332,
          "SL": 1.23964,
          "TP": 1.42436
        },
        "5m_1mo": {
          "signal": 0,
          "live": 1.332,
          "SL": 1.23951,
          "TP": 1.42449
        },
        "15m_60d": {
          "signal": 0,
          "live": 1.332,
          "SL": 1.23945,
          "TP": 1.42455
        },
        "1h_2y": {
          "signal": 0,
          "live": 1.332,
          "SL": 1.23952,
          "TP": 1.42448
        },
        "1d_5y": {
          "signal": 0,
          "live": 1.332,
          "SL": 1.23946,
          "TP": 1.42454
        }
      },
      "aggregated": "STRONG_SHORT"
    }
  }
}