{
  "timestamp": "2025-10-27T03:45:40.091127+00:00",
  "pairs": {
    "AUD/USD": {
      "signals": {
        "1m_7d": {
          "signal": 1,
          "live": 0.6533,
          "SL": 0.6082,
          "TP": 0.6984
        },
        "5m_1mo": {
          "signal": 1,
          "live": 0.6533,
          "SL": 0.6081,
          "TP": 0.6985
        },
        "15m_60d": {
          "signal": 0,
          "live": 0.6533,
          "SL": 0.60825,
          "TP": 0.69835
        },
        "1h_2y": {
          "signal": 1,
          "live": 0.6533,
          "SL": 0.60827,
          "TP": 0.69833
        },
        "1d_5y": {
          "signal": 1,
          "live": 0.6533,
          "SL": 0.60821,
          "TP": 0.69839
        }
      },
      "aggregated": "STRONG_LONG"
    },
    "USD/JPY": {
      "signals": {
        "1m_7d": {
          "signal": 1,
          "live": 152.99,
          "SL": 136.25667,
          "TP": 169.72333
        },
        "5m_1mo": {
          "signal": 0,
          "live": 152.99,
          "SL": 136.24525,
          "TP": 169.73475
        },
        "15m_60d": {
          "signal": 1,
          "live": 152.99,
          "SL": 136.25281,
          "TP": 169.72719
        },
        "1h_2y": {
          "signal": 0,
          "live": 152.99,
          "SL": 136.24975,
          "TP": 169.73025
        },
        "1d_5y": {
          "signal": 0,
          "live": 152.99,
          "SL": 136.24047,
          "TP": 169.73953
        }
      },
      "aggregated": "STRONG_SHORT"
    },
    "EUR/USD": {
      "signals": {
        "1m_7d": {
          "signal": 1,
          "live": 1.163,
          "SL": 1.15008,
          "TP": 1.17592
        },
        "5m_1mo": {
          "signal": 1,
          "live": 1.163,
          "SL": 1.14985,
          "TP": 1.17615
        },
        "15m_60d": {
          "signal": 1,
          "live": 1.163,
          "SL": 1.15018,
          "TP": 1.17582
        },
        "1h_2y": {
          "signal": 1,
          "live": 1.163,
          "SL": 1.14979,
          "TP": 1.17621
        },
        "1d_5y": {
          "signal": 1,
          "live": 1.163,
          "SL": 1.15,
          "TP": 1.176
        }
      },
      "aggregated": "STRONG_LONG"
    },
    "GBP/USD": {
      "signals": {
        "1m_7d": {
          "signal": 0,
          "live": 1.332,
          "SL": 1.29617,
          "TP": 1.36783
        },
        "5m_1mo": {
          "signal": 1,
          "live": 1.332,
          "SL": 1.29546,
          "TP": 1.36854
        },
        "15m_60d": {
          "signal": 1,
          "live": 1.332,
          "SL": 1.29602,
          "TP": 1.36798
        },
        "1h_2y": {
          "signal": 1,
          "live": 1.332,
          "SL": 1.29578,
          "TP": 1.36822
        },
        "1d_5y": {
          "signal": 1,
          "live": 1.332,
          "SL": 1.296,
          "TP": 1.368
        }
      },
      "aggregated": "STRONG_LONG"
    }
  }
}