{
  "timestamp": "2025-10-29T05:36:27.771501+00:00",
  "pairs": {
    "AUD/USD": {
      "signals": {
        "1m_7d": {
          "signal": 1,
          "live": 0.66,
          "SL": 0.61453,
          "TP": 0.70547
        },
        "5m_1mo": {
          "signal": 0,
          "live": 0.66,
          "SL": 0.61441,
          "TP": 0.70559
        },
        "15m_60d": {
          "signal": 1,
          "live": 0.66,
          "SL": 0.61455,
          "TP": 0.70545
        },
        "1h_2y": {
          "signal": 0,
          "live": 0.66,
          "SL": 0.61452,
          "TP": 0.70548
        },
        "1d_5y": {
          "signal": 0,
          "live": 0.66,
          "SL": 0.61453,
          "TP": 0.70547
        }
      },
      "aggregated": "STRONG_SHORT"
    },
    "USD/JPY": {
      "signals": {
        "1m_7d": {
          "signal": 1,
          "live": 152.47,
          "SL": 135.54691,
          "TP": 169.39309
        },
        "5m_1mo": {
          "signal": 1,
          "live": 152.47,
          "SL": 135.53879,
          "TP": 169.40121
        },
        "15m_60d": {
          "signal": 0,
          "live": 152.47,
          "SL": 135.52961,
          "TP": 169.41039
        },
        "1h_2y": {
          "signal": 1,
          "live": 152.47,
          "SL": 135.54045,
          "TP": 169.39955
        },
        "1d_5y": {
          "signal": 0,
          "live": 152.47,
          "SL": 135.54121,
          "TP": 169.39879
        }
      },
      "aggregated": "HOLD"
    },
    "EUR/USD": {
      "signals": {
        "1m_7d": {
          "signal": 1,
          "live": 1.162,
          "SL": 1.14826,
          "TP": 1.17574
        },
        "5m_1mo": {
          "signal": 0,
          "live": 1.162,
          "SL": 1.14835,
          "TP": 1.17565
        },
        "15m_60d": {
          "signal": 1,
          "live": 1.162,
          "SL": 1.14805,
          "TP": 1.17595
        },
        "1h_2y": {
          "signal": 0,
          "live": 1.162,
          "SL": 1.14843,
          "TP": 1.17557
        },
        "1d_5y": {
          "signal": 0,
          "live": 1.162,
          "SL": 1.14834,
          "TP": 1.17566
        }
      },
      "aggregated": "STRONG_SHORT"
    },
    "GBP/USD": {
      "signals": {
        "1m_7d": {
          "signal": 1,
          "live": 1.323,
          "SL": 1.28843,
          "TP": 1.35757
        },
        "5m_1mo": {
          "signal": 1,
          "live": 1.323,
          "SL": 1.28859,
          "TP": 1.35741
        },
        "15m_60d": {
          "signal": 0,
          "live": 1.323,
          "SL": 1.2884,
          "TP": 1.3576
        },
        "1h_2y": {
          "signal": 1,
          "live": 1.323,
          "SL": 1.28795,
          "TP": 1.35805
        },
        "1d_5y": {
          "signal": 1,
          "live": 1.323,
          "SL": 1.28853,
          "TP": 1.35747
        }
      },
      "aggregated": "STRONG_LONG"
    }
  }
}