{
  "timestamp": "2025-10-23T23:11:28.523412+00:00",
  "pairs": {
    "EUR/USD": {
      "signals": {
        "1m_7d": {
          "signal": 1,
          "live": 1.161,
          "SL": 1.05863,
          "TP": 1.26337
        },
        "5m_1mo": {
          "signal": 1,
          "live": 1.161,
          "SL": 1.05825,
          "TP": 1.26375
        },
        "15m_60d": {
          "signal": 1,
          "live": 1.161,
          "SL": 1.05837,
          "TP": 1.26363
        },
        "1h_2y": {
          "signal": 1,
          "live": 1.161,
          "SL": 1.0583,
          "TP": 1.2637
        },
        "1d_5y": {
          "signal": 0,
          "live": 1.161,
          "SL": 1.05842,
          "TP": 1.26358
        }
      },
      "aggregated": "STRONG_LONG"
    },
    "USD/JPY": {
      "signals": {
        "1m_7d": {
          "signal": 1,
          "live": 152.61,
          "SL": 140.57523,
          "TP": 164.64477
        },
        "5m_1mo": {
          "signal": 1,
          "live": 152.61,
          "SL": 140.57547,
          "TP": 164.64453
        },
        "15m_60d": {
          "signal": 0,
          "live": 152.61,
          "SL": 140.54222,
          "TP": 164.67778
        },
        "1h_2y": {
          "signal": 0,
          "live": 152.61,
          "SL": 140.57515,
          "TP": 164.64485
        },
        "1d_5y": {
          "signal": 1,
          "live": 152.61,
          "SL": 140.56992,
          "TP": 164.65008
        }
      },
      "aggregated": "HOLD"
    },
    "AUD/USD": {
      "signals": {
        "1m_7d": {
          "signal": 0,
          "live": 0.6513,
          "SL": 0.58326,
          "TP": 0.71934
        },
        "5m_1mo": {
          "signal": 0,
          "live": 0.6513,
          "SL": 0.5833,
          "TP": 0.7193
        },
        "15m_60d": {
          "signal": 1,
          "live": 0.6513,
          "SL": 0.5833,
          "TP": 0.7193
        },
        "1h_2y": {
          "signal": 1,
          "live": 0.6513,
          "SL": 0.58324,
          "TP": 0.71936
        },
        "1d_5y": {
          "signal": 1,
          "live": 0.6513,
          "SL": 0.58329,
          "TP": 0.71931
        }
      },
      "aggregated": "STRONG_LONG"
    },
    "GBP/USD": {
      "signals": {
        "1m_7d": {
          "signal": 1,
          "live": 1.332,
          "SL": 1.23935,
          "TP": 1.42465
        },
        "5m_1mo": {
          "signal": 0,
          "live": 1.332,
          "SL": 1.23957,
          "TP": 1.42443
        },
        "15m_60d": {
          "signal": 0,
          "live": 1.332,
          "SL": 1.23953,
          "TP": 1.42447
        },
        "1h_2y": {
          "signal": 1,
          "live": 1.332,
          "SL": 1.23946,
          "TP": 1.42454
        },
        "1d_5y": {
          "signal": 1,
          "live": 1.332,
          "SL": 1.23976,
          "TP": 1.42424
        }
      },
      "aggregated": "STRONG_LONG"
    }
  }
}