{
  "timestamp": "2025-11-06T20:49:48.312480+00:00",
  "pairs": {
    "EUR/USD": {
      "signals": {
        "1m_7d": {
          "signal": 0,
          "sgd_pred": 0,
          "rf_pred": 0,
          "confidence": 0.5,
          "live": 1.154,
          "SL": 1.14367,
          "TP": 1.16433,
          "signal_id": 61
        },
        "5m_1mo": {
          "signal": 0,
          "sgd_pred": 0,
          "rf_pred": 0,
          "confidence": 0.5,
          "live": 1.154,
          "SL": 1.14362,
          "TP": 1.16438,
          "signal_id": 62
        },
        "15m_60d": {
          "signal": 0,
          "sgd_pred": 0,
          "rf_pred": 0,
          "confidence": 0.5,
          "live": 1.154,
          "SL": 1.14359,
          "TP": 1.16441,
          "signal_id": 63
        },
        "1h_2y": {
          "signal": 0,
          "sgd_pred": 0,
          "rf_pred": 0,
          "confidence": 0.5,
          "live": 1.154,
          "SL": 1.14369,
          "TP": 1.16431,
          "signal_id": 64
        },
        "1d_5y": {
          "signal": 0,
          "sgd_pred": 0,
          "rf_pred": 0,
          "confidence": 0.5,
          "live": 1.154,
          "SL": 1.14367,
          "TP": 1.16433,
          "signal_id": 65
        }
      },
      "aggregated": "STRONG_SHORT"
    },
    "GBP/USD": {
      "signals": {
        "1m_7d": {
          "signal": 0,
          "sgd_pred": 0,
          "rf_pred": 0,
          "confidence": 0.6381366252843106,
          "live": 1.313,
          "SL": 1.29874,
          "TP": 1.32726,
          "signal_id": 66
        },
        "5m_1mo": {
          "signal": 0,
          "sgd_pred": 0,
          "rf_pred": 0,
          "confidence": 0.6474175492783493,
          "live": 1.313,
          "SL": 1.29869,
          "TP": 1.32731,
          "signal_id": 67
        },
        "15m_60d": {
          "signal": 1,
          "sgd_pred": 0,
          "rf_pred": 1,
          "confidence": 0.5937618173360931,
          "live": 1.313,
          "SL": 1.29858,
          "TP": 1.32742,
          "signal_id": 68
        },
        "1h_2y": {
          "signal": 1,
          "sgd_pred": 0,
          "rf_pred": 1,
          "confidence": 0.522214202977902,
          "live": 1.313,
          "SL": 1.29859,
          "TP": 1.32741,
          "signal_id": 69
        },
        "1d_5y": {
          "signal": 1,
          "sgd_pred": 0,
          "rf_pred": 1,
          "confidence": 0.6064034265908919,
          "live": 1.313,
          "SL": 1.29871,
          "TP": 1.32729,
          "signal_id": 70
        }
      },
      "aggregated": "STRONG_LONG"
    },
    "AUD/USD": {
      "signals": {
        "1m_7d": {
          "signal": 0,
          "sgd_pred": 0,
          "rf_pred": 0,
          "confidence": 0.5954541866337444,
          "live": 0.6478,
          "SL": 0.63896,
          "TP": 0.65664,
          "signal_id": 71
        },
        "5m_1mo": {
          "signal": 1,
          "sgd_pred": 0,
          "rf_pred": 1,
          "confidence": 0.5347619727323369,
          "live": 0.6478,
          "SL": 0.63896,
          "TP": 0.65664,
          "signal_id": 72
        },
        "15m_60d": {
          "signal": 1,
          "sgd_pred": 0,
          "rf_pred": 1,
          "confidence": 0.5278903017704867,
          "live": 0.6478,
          "SL": 0.63892,
          "TP": 0.65668,
          "signal_id": 73
        },
        "1h_2y": {
          "signal": 1,
          "sgd_pred": 0,
          "rf_pred": 1,
          "confidence": 0.5347568863186026,
          "live": 0.6478,
          "SL": 0.63901,
          "TP": 0.65659,
          "signal_id": 74
        },
        "1d_5y": {
          "signal": 1,
          "sgd_pred": 0,
          "rf_pred": 1,
          "confidence": 0.5041206317365204,
          "live": 0.6478,
          "SL": 0.63898,
          "TP": 0.65662,
          "signal_id": 75
        }
      },
      "aggregated": "STRONG_LONG"
    },
    "USD/JPY": {
      "signals": {
        "1m_7d": {
          "signal": 0,
          "sgd_pred": 0,
          "rf_pred": 0,
          "confidence": 0.558680669280774,
          "live": 153.1,
          "SL": 151.01397,
          "TP": 155.18603,
          "signal_id": 76
        },
        "5m_1mo": {
          "signal": 0,
          "sgd_pred": 0,
          "rf_pred": 0,
          "confidence": 0.558680669280774,
          "live": 153.1,
          "SL": 151.03336,
          "TP": 155.16664,
          "signal_id": 77
        },
        "15m_60d": {
          "signal": 0,
          "sgd_pred": 0,
          "rf_pred": 0,
          "confidence": 0.558680669280774,
          "live": 153.1,
          "SL": 151.02925,
          "TP": 155.17075,
          "signal_id": 78
        },
        "1h_2y": {
          "signal": 0,
          "sgd_pred": 0,
          "rf_pred": 0,
          "confidence": 0.558680669280774,
          "live": 153.1,
          "SL": 151.00843,
          "TP": 155.19157,
          "signal_id": 79
        },
        "1d_5y": {
          "signal": 1,
          "sgd_pred": 1,
          "rf_pred": 0,
          "confidence": 0.5780706776664695,
          "live": 153.1,
          "SL": 151.02361,
          "TP": 155.17639,
          "signal_id": 80
        }
      },
      "aggregated": "STRONG_SHORT"
    }
  }
}