{
  "timestamp": "2025-10-25T04:21:07.174534+00:00",
  "pairs": {
    "AUD/USD": {
      "signals": {
        "1m_7d": {
          "signal": 1,
          "live": 0.6513,
          "SL": 0.60632,
          "TP": 0.69628
        },
        "5m_1mo": {
          "signal": 1,
          "live": 0.6513,
          "SL": 0.60629,
          "TP": 0.69631
        },
        "15m_60d": {
          "signal": 1,
          "live": 0.6513,
          "SL": 0.60631,
          "TP": 0.69629
        },
        "1h_2y": {
          "signal": 0,
          "live": 0.6513,
          "SL": 0.60633,
          "TP": 0.69627
        },
        "1d_5y": {
          "signal": 0,
          "live": 0.6513,
          "SL": 0.60625,
          "TP": 0.69635
        }
      },
      "aggregated": "STRONG_SHORT"
    },
    "USD/JPY": {
      "signals": {
        "1m_7d": {
          "signal": 1,
          "live": 152.86,
          "SL": 136.10311,
          "TP": 169.61689
        },
        "5m_1mo": {
          "signal": 1,
          "live": 152.86,
          "SL": 136.11312,
          "TP": 169.60688
        },
        "15m_60d": {
          "signal": 1,
          "live": 152.86,
          "SL": 136.11986,
          "TP": 169.60014
        },
        "1h_2y": {
          "signal": 1,
          "live": 152.86,
          "SL": 136.10635,
          "TP": 169.61365
        },
        "1d_5y": {
          "signal": 1,
          "live": 152.86,
          "SL": 136.12033,
          "TP": 169.59967
        }
      },
      "aggregated": "STRONG_LONG"
    },
    "EUR/USD": {
      "signals": {
        "1m_7d": {
          "signal": 1,
          "live": 1.162,
          "SL": 1.1493,
          "TP": 1.1747
        },
        "5m_1mo": {
          "signal": 1,
          "live": 1.162,
          "SL": 1.14906,
          "TP": 1.17494
        },
        "15m_60d": {
          "signal": 0,
          "live": 1.162,
          "SL": 1.14924,
          "TP": 1.17476
        },
        "1h_2y": {
          "signal": 1,
          "live": 1.162,
          "SL": 1.14925,
          "TP": 1.17475
        },
        "1d_5y": {
          "signal": 0,
          "live": 1.162,
          "SL": 1.14953,
          "TP": 1.17447
        }
      },
      "aggregated": "HOLD"
    },
    "GBP/USD": {
      "signals": {
        "1m_7d": {
          "signal": 1,
          "live": 1.331,
          "SL": 1.29428,
          "TP": 1.36772
        },
        "5m_1mo": {
          "signal": 1,
          "live": 1.331,
          "SL": 1.29413,
          "TP": 1.36787
        },
        "15m_60d": {
          "signal": 1,
          "live": 1.331,
          "SL": 1.29459,
          "TP": 1.36741
        },
        "1h_2y": {
          "signal": 1,
          "live": 1.331,
          "SL": 1.2945,
          "TP": 1.3675
        },
        "1d_5y": {
          "signal": 1,
          "live": 1.331,
          "SL": 1.29455,
          "TP": 1.36745
        }
      },
      "aggregated": "STRONG_LONG"
    }
  }
}