{
  "timestamp": "2025-10-21T00:10:32.467503+00:00",
  "pairs": {
    "GBP/USD": {
      "signals": {
        "1m_7d": {
          "signal": 1,
          "live": 1.34,
          "SL": 1.26867,
          "TP": 1.41133
        },
        "5m_1mo": {
          "signal": 1,
          "live": 1.34,
          "SL": 1.26849,
          "TP": 1.41151
        },
        "15m_60d": {
          "signal": 0,
          "live": 1.34,
          "SL": 1.2687,
          "TP": 1.4113
        },
        "1h_2y": {
          "signal": 0,
          "live": 1.34,
          "SL": 1.26848,
          "TP": 1.41152
        },
        "1d_5y": {
          "signal": 0,
          "live": 1.34,
          "SL": 1.26866,
          "TP": 1.41134
        }
      },
      "aggregated": "STRONG_SHORT"
    },
    "AUD/USD": {
      "signals": {
        "1m_7d": {
          "signal": 0,
          "live": 0.6516,
          "SL": 0.61695,
          "TP": 0.68625
        },
        "5m_1mo": {
          "signal": 0,
          "live": 0.6516,
          "SL": 0.61693,
          "TP": 0.68627
        },
        "15m_60d": {
          "signal": 0,
          "live": 0.6516,
          "SL": 0.6169,
          "TP": 0.6863
        },
        "1h_2y": {
          "signal": 0,
          "live": 0.6516,
          "SL": 0.61692,
          "TP": 0.68628
        },
        "1d_5y": {
          "signal": 0,
          "live": 0.6516,
          "SL": 0.6169,
          "TP": 0.6863
        }
      },
      "aggregated": "STRONG_SHORT"
    },
    "USD/JPY": {
      "signals": {
        "1m_7d": {
          "signal": 0,
          "live": 150.58,
          "SL": 142.55068,
          "TP": 158.60932
        },
        "5m_1mo": {
          "signal": 0,
          "live": 150.58,
          "SL": 142.56378,
          "TP": 158.59622
        },
        "15m_60d": {
          "signal": 0,
          "live": 150.58,
          "SL": 142.57261,
          "TP": 158.58739
        },
        "1h_2y": {
          "signal": 0,
          "live": 150.58,
          "SL": 142.55001,
          "TP": 158.60999
        },
        "1d_5y": {
          "signal": 1,
          "live": 150.58,
          "SL": 142.55587,
          "TP": 158.60413
        }
      },
      "aggregated": "STRONG_SHORT"
    },
    "EUR/USD": {
      "signals": {
        "1m_7d": {
          "signal": 1,
          "live": 1.165,
          "SL": 1.10307,
          "TP": 1.22693
        },
        "5m_1mo": {
          "signal": 1,
          "live": 1.165,
          "SL": 1.10293,
          "TP": 1.22707
        },
        "15m_60d": {
          "signal": 1,
          "live": 1.165,
          "SL": 1.10298,
          "TP": 1.22702
        },
        "1h_2y": {
          "signal": 1,
          "live": 1.165,
          "SL": 1.1029,
          "TP": 1.2271
        },
        "1d_5y": {
          "signal": 1,
          "live": 1.165,
          "SL": 1.10307,
          "TP": 1.22693
        }
      },
      "aggregated": "STRONG_LONG"
    }
  }
}