{
  "timestamp": "2025-11-03T19:45:39.694619+00:00",
  "pairs": {
    "EUR/USD": {
      "signals": {
        "1m_7d": {
          "signal": 1,
          "live": 1.151,
          "SL": 1.04861,
          "TP": 1.25339
        },
        "5m_1mo": {
          "signal": 0,
          "live": 1.151,
          "SL": 1.04882,
          "TP": 1.25318
        },
        "15m_60d": {
          "signal": 0,
          "live": 1.151,
          "SL": 1.04853,
          "TP": 1.25347
        },
        "1h_2y": {
          "signal": 0,
          "live": 1.151,
          "SL": 1.04889,
          "TP": 1.25311
        },
        "1d_5y": {
          "signal": 1,
          "live": 1.151,
          "SL": 1.04875,
          "TP": 1.25325
        }
      },
      "aggregated": "HOLD"
    },
    "USD/JPY": {
      "signals": {
        "1m_7d": {
          "signal": 1,
          "live": 154.2,
          "SL": 141.96688,
          "TP": 166.43312
        },
        "5m_1mo": {
          "signal": 0,
          "live": 154.2,
          "SL": 141.98946,
          "TP": 166.41054
        },
        "15m_60d": {
          "signal": 1,
          "live": 154.2,
          "SL": 141.93094,
          "TP": 166.46906
        },
        "1h_2y": {
          "signal": 0,
          "live": 154.2,
          "SL": 141.90102,
          "TP": 166.49898
        },
        "1d_5y": {
          "signal": 0,
          "live": 154.2,
          "SL": 141.92291,
          "TP": 166.47709
        }
      },
      "aggregated": "STRONG_SHORT"
    },
    "GBP/USD": {
      "signals": {
        "1m_7d": {
          "signal": 1,
          "live": 1.313,
          "SL": 1.22096,
          "TP": 1.40504
        },
        "5m_1mo": {
          "signal": 1,
          "live": 1.313,
          "SL": 1.2213,
          "TP": 1.4047
        },
        "15m_60d": {
          "signal": 1,
          "live": 1.313,
          "SL": 1.22136,
          "TP": 1.40464
        },
        "1h_2y": {
          "signal": 0,
          "live": 1.313,
          "SL": 1.22084,
          "TP": 1.40516
        },
        "1d_5y": {
          "signal": 0,
          "live": 1.313,
          "SL": 1.22135,
          "TP": 1.40465
        }
      },
      "aggregated": "STRONG_SHORT"
    },
    "AUD/USD": {
      "signals": {
        "1m_7d": {
          "signal": 1,
          "live": 0.6539,
          "SL": 0.58552,
          "TP": 0.72228
        },
        "5m_1mo": {
          "signal": 0,
          "live": 0.6539,
          "SL": 0.5855,
          "TP": 0.7223
        },
        "15m_60d": {
          "signal": 0,
          "live": 0.6539,
          "SL": 0.58553,
          "TP": 0.72227
        },
        "1h_2y": {
          "signal": 0,
          "live": 0.6539,
          "SL": 0.58565,
          "TP": 0.72215
        },
        "1d_5y": {
          "signal": 0,
          "live": 0.6539,
          "SL": 0.58561,
          "TP": 0.72219
        }
      },
      "aggregated": "STRONG_SHORT"
    }
  }
}