{
  "timestamp": "2025-10-30T00:37:01.937694+00:00",
  "pairs": {
    "USD/JPY": {
      "signals": {
        "1m_7d": {
          "signal": 0,
          "live": 152.57,
          "SL": 144.47591,
          "TP": 160.66409
        },
        "5m_1mo": {
          "signal": 1,
          "live": 152.57,
          "SL": 144.48615,
          "TP": 160.65385
        },
        "15m_60d": {
          "signal": 1,
          "live": 152.57,
          "SL": 144.48352,
          "TP": 160.65648
        },
        "1h_2y": {
          "signal": 1,
          "live": 152.57,
          "SL": 144.48682,
          "TP": 160.65318
        },
        "1d_5y": {
          "signal": 1,
          "live": 152.57,
          "SL": 144.50128,
          "TP": 160.63872
        }
      },
      "aggregated": "STRONG_LONG"
    },
    "GBP/USD": {
      "signals": {
        "1m_7d": {
          "signal": 0,
          "live": 1.32,
          "SL": 1.20182,
          "TP": 1.43818
        },
        "5m_1mo": {
          "signal": 1,
          "live": 1.32,
          "SL": 1.202,
          "TP": 1.438
        },
        "15m_60d": {
          "signal": 1,
          "live": 1.32,
          "SL": 1.20189,
          "TP": 1.43811
        },
        "1h_2y": {
          "signal": 1,
          "live": 1.32,
          "SL": 1.20207,
          "TP": 1.43793
        },
        "1d_5y": {
          "signal": 0,
          "live": 1.32,
          "SL": 1.20204,
          "TP": 1.43796
        }
      },
      "aggregated": "HOLD"
    },
    "AUD/USD": {
      "signals": {
        "1m_7d": {
          "signal": 0,
          "live": 0.6583,
          "SL": 0.575,
          "TP": 0.7416
        },
        "5m_1mo": {
          "signal": 1,
          "live": 0.6583,
          "SL": 0.57514,
          "TP": 0.74146
        },
        "15m_60d": {
          "signal": 1,
          "live": 0.6583,
          "SL": 0.57501,
          "TP": 0.74159
        },
        "1h_2y": {
          "signal": 1,
          "live": 0.6583,
          "SL": 0.5751,
          "TP": 0.7415
        },
        "1d_5y": {
          "signal": 1,
          "live": 0.6583,
          "SL": 0.57505,
          "TP": 0.74155
        }
      },
      "aggregated": "STRONG_LONG"
    },
    "EUR/USD": {
      "signals": {
        "1m_7d": {
          "signal": 1,
          "live": 1.161,
          "SL": 1.05135,
          "TP": 1.27065
        },
        "5m_1mo": {
          "signal": 1,
          "live": 1.161,
          "SL": 1.0513,
          "TP": 1.2707
        },
        "15m_60d": {
          "signal": 1,
          "live": 1.161,
          "SL": 1.05142,
          "TP": 1.27058
        },
        "1h_2y": {
          "signal": 1,
          "live": 1.161,
          "SL": 1.05147,
          "TP": 1.27053
        },
        "1d_5y": {
          "signal": 1,
          "live": 1.161,
          "SL": 1.0513,
          "TP": 1.2707
        }
      },
      "aggregated": "STRONG_LONG"
    }
  }
}