{
  "timestamp": "2025-10-20T23:13:57.356327+00:00",
  "pairs": {
    "GBP/USD": {
      "signals": {
        "1m_7d": {
          "signal": 0,
          "live": 1.34,
          "SL": 1.26885,
          "TP": 1.41115
        },
        "5m_1mo": {
          "signal": 0,
          "live": 1.34,
          "SL": 1.26885,
          "TP": 1.41115
        },
        "15m_60d": {
          "signal": 0,
          "live": 1.34,
          "SL": 1.26885,
          "TP": 1.41115
        },
        "1h_2y": {
          "signal": 0,
          "live": 1.34,
          "SL": 1.26885,
          "TP": 1.41115
        },
        "1d_5y": {
          "signal": 0,
          "live": 1.34,
          "SL": 1.26885,
          "TP": 1.41115
        }
      },
      "aggregated": "STRONG_SHORT"
    },
    "AUD/USD": {
      "signals": {
        "1m_7d": {
          "signal": 0,
          "live": 0.6516,
          "SL": 0.61701,
          "TP": 0.68619
        },
        "5m_1mo": {
          "signal": 0,
          "live": 0.6516,
          "SL": 0.61701,
          "TP": 0.68619
        },
        "15m_60d": {
          "signal": 0,
          "live": 0.6516,
          "SL": 0.61701,
          "TP": 0.68619
        },
        "1h_2y": {
          "signal": 0,
          "live": 0.6516,
          "SL": 0.61701,
          "TP": 0.68619
        },
        "1d_5y": {
          "signal": 0,
          "live": 0.6516,
          "SL": 0.61701,
          "TP": 0.68619
        }
      },
      "aggregated": "STRONG_SHORT"
    },
    "USD/JPY": {
      "signals": {
        "1m_7d": {
          "signal": 0,
          "live": 150.78,
          "SL": 142.77288,
          "TP": 158.78712
        },
        "5m_1mo": {
          "signal": 0,
          "live": 150.78,
          "SL": 142.77288,
          "TP": 158.78712
        },
        "15m_60d": {
          "signal": 0,
          "live": 150.78,
          "SL": 142.77288,
          "TP": 158.78712
        },
        "1h_2y": {
          "signal": 0,
          "live": 150.78,
          "SL": 142.77288,
          "TP": 158.78712
        },
        "1d_5y": {
          "signal": 0,
          "live": 150.78,
          "SL": 142.77288,
          "TP": 158.78712
        }
      },
      "aggregated": "STRONG_SHORT"
    },
    "EUR/USD": {
      "signals": {
        "1m_7d": {
          "signal": 0,
          "live": 1.164,
          "SL": 1.1022,
          "TP": 1.2258
        },
        "5m_1mo": {
          "signal": 0,
          "live": 1.164,
          "SL": 1.1022,
          "TP": 1.2258
        },
        "15m_60d": {
          "signal": 0,
          "live": 1.164,
          "SL": 1.1022,
          "TP": 1.2258
        },
        "1h_2y": {
          "signal": 0,
          "live": 1.164,
          "SL": 1.1022,
          "TP": 1.2258
        },
        "1d_5y": {
          "signal": 0,
          "live": 1.164,
          "SL": 1.1022,
          "TP": 1.2258
        }
      },
      "aggregated": "STRONG_SHORT"
    }
  }
}