{
  "timestamp": "2025-10-22T02:50:35.280018+00:00",
  "pairs": {
    "USD/JPY": {
      "signals": {
        "1m_7d": {
          "signal": 1,
          "live": 151.65,
          "SL": 143.6061,
          "TP": 159.6939
        },
        "5m_1mo": {
          "signal": 1,
          "live": 151.65,
          "SL": 143.61767,
          "TP": 159.68233
        },
        "15m_60d": {
          "signal": 1,
          "live": 151.65,
          "SL": 143.60476,
          "TP": 159.69524
        },
        "1h_2y": {
          "signal": 1,
          "live": 151.65,
          "SL": 143.61878,
          "TP": 159.68122
        },
        "1d_5y": {
          "signal": 1,
          "live": 151.65,
          "SL": 143.62544,
          "TP": 159.67456
        }
      },
      "aggregated": "STRONG_LONG"
    },
    "AUD/USD": {
      "signals": {
        "1m_7d": {
          "signal": 1,
          "live": 0.6494,
          "SL": 0.61128,
          "TP": 0.68752
        },
        "5m_1mo": {
          "signal": 1,
          "live": 0.6494,
          "SL": 0.61142,
          "TP": 0.68738
        },
        "15m_60d": {
          "signal": 1,
          "live": 0.6494,
          "SL": 0.61144,
          "TP": 0.68736
        },
        "1h_2y": {
          "signal": 1,
          "live": 0.6494,
          "SL": 0.61129,
          "TP": 0.68751
        },
        "1d_5y": {
          "signal": 1,
          "live": 0.6494,
          "SL": 0.61149,
          "TP": 0.68731
        }
      },
      "aggregated": "STRONG_LONG"
    },
    "GBP/USD": {
      "signals": {
        "1m_7d": {
          "signal": 0,
          "live": 1.337,
          "SL": 1.27619,
          "TP": 1.39781
        },
        "5m_1mo": {
          "signal": 1,
          "live": 1.337,
          "SL": 1.27555,
          "TP": 1.39845
        },
        "15m_60d": {
          "signal": 1,
          "live": 1.337,
          "SL": 1.27573,
          "TP": 1.39827
        },
        "1h_2y": {
          "signal": 0,
          "live": 1.337,
          "SL": 1.27603,
          "TP": 1.39797
        },
        "1d_5y": {
          "signal": 0,
          "live": 1.337,
          "SL": 1.27615,
          "TP": 1.39785
        }
      },
      "aggregated": "STRONG_SHORT"
    },
    "EUR/USD": {
      "signals": {
        "1m_7d": {
          "signal": 0,
          "live": 1.161,
          "SL": 1.11875,
          "TP": 1.20325
        },
        "5m_1mo": {
          "signal": 0,
          "live": 1.161,
          "SL": 1.11874,
          "TP": 1.20326
        },
        "15m_60d": {
          "signal": 1,
          "live": 1.161,
          "SL": 1.11893,
          "TP": 1.20307
        },
        "1h_2y": {
          "signal": 1,
          "live": 1.161,
          "SL": 1.11886,
          "TP": 1.20314
        },
        "1d_5y": {
          "signal": 0,
          "live": 1.161,
          "SL": 1.1188,
          "TP": 1.2032
        }
      },
      "aggregated": "HOLD"
    }
  }
}