{
  "timestamp": "2025-10-19T22:26:44.211604+00:00",
  "pairs": {
    "EUR/USD": {
      "signals": {
        "1m_7d": {
          "signal": 0,
          "live": 1.165,
          "SL": 1.06163,
          "TP": 1.26837
        },
        "5m_1mo": {
          "signal": 0,
          "live": 1.165,
          "SL": 1.06163,
          "TP": 1.26837
        },
        "15m_60d": {
          "signal": 0,
          "live": 1.165,
          "SL": 1.06163,
          "TP": 1.26837
        },
        "1h_2y": {
          "signal": 0,
          "live": 1.165,
          "SL": 1.06163,
          "TP": 1.26837
        },
        "1d_5y": {
          "signal": 0,
          "live": 1.165,
          "SL": 1.10057,
          "TP": 1.22943
        }
      },
      "aggregated": "HOLD"
    },
    "GBP/USD": {
      "signals": {
        "1m_7d": {
          "signal": 0,
          "live": 1.342,
          "SL": 1.27075,
          "TP": 1.41325
        },
        "5m_1mo": {
          "signal": 0,
          "live": 1.342,
          "SL": 1.27075,
          "TP": 1.41325
        },
        "15m_60d": {
          "signal": 0,
          "live": 1.342,
          "SL": 1.27075,
          "TP": 1.41325
        },
        "1h_2y": {
          "signal": 0,
          "live": 1.342,
          "SL": 1.27075,
          "TP": 1.41325
        },
        "1d_5y": {
          "signal": 0,
          "live": 1.342,
          "SL": 1.25389,
          "TP": 1.43011
        }
      },
      "aggregated": "HOLD"
    },
    "AUD/USD": {
      "signals": {
        "1m_7d": {
          "signal": 0,
          "live": 0.6503,
          "SL": 0.60557,
          "TP": 0.69503
        },
        "5m_1mo": {
          "signal": 0,
          "live": 0.6503,
          "SL": 0.60557,
          "TP": 0.69503
        },
        "15m_60d": {
          "signal": 0,
          "live": 0.6503,
          "SL": 0.60557,
          "TP": 0.69503
        },
        "1h_2y": {
          "signal": 0,
          "live": 0.6503,
          "SL": 0.60557,
          "TP": 0.69503
        },
        "1d_5y": {
          "signal": 0,
          "live": 0.6503,
          "SL": 0.60014,
          "TP": 0.70046
        }
      },
      "aggregated": "HOLD"
    },
    "USD/JPY": {
      "signals": {
        "1m_7d": {
          "signal": 0,
          "live": 150.84,
          "SL": 142.86986,
          "TP": 158.81014
        },
        "5m_1mo": {
          "signal": 0,
          "live": 150.84,
          "SL": 142.86986,
          "TP": 158.81014
        },
        "15m_60d": {
          "signal": 0,
          "live": 150.84,
          "SL": 142.86986,
          "TP": 158.81014
        },
        "1h_2y": {
          "signal": 0,
          "live": 150.84,
          "SL": 142.86986,
          "TP": 158.81014
        },
        "1d_5y": {
          "signal": 0,
          "live": 150.84,
          "SL": 142.86542,
          "TP": 158.81458
        }
      },
      "aggregated": "HOLD"
    }
  }
}