{
  "timestamp": "2025-10-29T05:43:48.064622+00:00",
  "pairs": {
    "AUD/USD": {
      "signals": {
        "1m_7d": {
          "signal": 0,
          "live": 0.6602,
          "SL": 0.6147,
          "TP": 0.7057
        },
        "5m_1mo": {
          "signal": 0,
          "live": 0.6602,
          "SL": 0.61471,
          "TP": 0.70569
        },
        "15m_60d": {
          "signal": 1,
          "live": 0.6602,
          "SL": 0.61471,
          "TP": 0.70569
        },
        "1h_2y": {
          "signal": 1,
          "live": 0.6602,
          "SL": 0.61467,
          "TP": 0.70573
        },
        "1d_5y": {
          "signal": 1,
          "live": 0.6602,
          "SL": 0.61474,
          "TP": 0.70566
        }
      },
      "aggregated": "STRONG_LONG"
    },
    "USD/JPY": {
      "signals": {
        "1m_7d": {
          "signal": 0,
          "live": 152.52,
          "SL": 135.59244,
          "TP": 169.44756
        },
        "5m_1mo": {
          "signal": 0,
          "live": 152.52,
          "SL": 135.6025,
          "TP": 169.4375
        },
        "15m_60d": {
          "signal": 1,
          "live": 152.52,
          "SL": 135.58311,
          "TP": 169.45689
        },
        "1h_2y": {
          "signal": 1,
          "live": 152.52,
          "SL": 135.59088,
          "TP": 169.44912
        },
        "1d_5y": {
          "signal": 0,
          "live": 152.52,
          "SL": 135.58246,
          "TP": 169.45754
        }
      },
      "aggregated": "HOLD"
    },
    "EUR/USD": {
      "signals": {
        "1m_7d": {
          "signal": 1,
          "live": 1.163,
          "SL": 1.14919,
          "TP": 1.17681
        },
        "5m_1mo": {
          "signal": 1,
          "live": 1.163,
          "SL": 1.14929,
          "TP": 1.17671
        },
        "15m_60d": {
          "signal": 0,
          "live": 1.163,
          "SL": 1.14917,
          "TP": 1.17683
        },
        "1h_2y": {
          "signal": 1,
          "live": 1.163,
          "SL": 1.14926,
          "TP": 1.17674
        },
        "1d_5y": {
          "signal": 0,
          "live": 1.163,
          "SL": 1.14951,
          "TP": 1.17649
        }
      },
      "aggregated": "HOLD"
    },
    "GBP/USD": {
      "signals": {
        "1m_7d": {
          "signal": 1,
          "live": 1.323,
          "SL": 1.28846,
          "TP": 1.35754
        },
        "5m_1mo": {
          "signal": 1,
          "live": 1.323,
          "SL": 1.28856,
          "TP": 1.35744
        },
        "15m_60d": {
          "signal": 1,
          "live": 1.323,
          "SL": 1.28827,
          "TP": 1.35773
        },
        "1h_2y": {
          "signal": 1,
          "live": 1.323,
          "SL": 1.28836,
          "TP": 1.35764
        },
        "1d_5y": {
          "signal": 1,
          "live": 1.323,
          "SL": 1.28835,
          "TP": 1.35765
        }
      },
      "aggregated": "STRONG_LONG"
    }
  }
}