{
  "timestamp": "2025-10-28T04:26:26.462964+00:00",
  "pairs": {
    "AUD/USD": {
      "signals": {
        "1m_7d": {
          "signal": 0,
          "live": 0.6562,
          "SL": 0.61121,
          "TP": 0.70119
        },
        "5m_1mo": {
          "signal": 1,
          "live": 0.6562,
          "SL": 0.61117,
          "TP": 0.70123
        },
        "15m_60d": {
          "signal": 1,
          "live": 0.6562,
          "SL": 0.61123,
          "TP": 0.70117
        },
        "1h_2y": {
          "signal": 0,
          "live": 0.6562,
          "SL": 0.61122,
          "TP": 0.70118
        },
        "1d_5y": {
          "signal": 0,
          "live": 0.6562,
          "SL": 0.61121,
          "TP": 0.70119
        }
      },
      "aggregated": "STRONG_SHORT"
    },
    "GBP/USD": {
      "signals": {
        "1m_7d": {
          "signal": 1,
          "live": 1.336,
          "SL": 1.30111,
          "TP": 1.37089
        },
        "5m_1mo": {
          "signal": 1,
          "live": 1.336,
          "SL": 1.30113,
          "TP": 1.37087
        },
        "15m_60d": {
          "signal": 0,
          "live": 1.336,
          "SL": 1.30147,
          "TP": 1.37053
        },
        "1h_2y": {
          "signal": 1,
          "live": 1.336,
          "SL": 1.30117,
          "TP": 1.37083
        },
        "1d_5y": {
          "signal": 0,
          "live": 1.336,
          "SL": 1.30155,
          "TP": 1.37045
        }
      },
      "aggregated": "HOLD"
    },
    "EUR/USD": {
      "signals": {
        "1m_7d": {
          "signal": 1,
          "live": 1.166,
          "SL": 1.15285,
          "TP": 1.17915
        },
        "5m_1mo": {
          "signal": 0,
          "live": 1.166,
          "SL": 1.15277,
          "TP": 1.17923
        },
        "15m_60d": {
          "signal": 1,
          "live": 1.166,
          "SL": 1.15268,
          "TP": 1.17932
        },
        "1h_2y": {
          "signal": 1,
          "live": 1.166,
          "SL": 1.15284,
          "TP": 1.17916
        },
        "1d_5y": {
          "signal": 1,
          "live": 1.166,
          "SL": 1.15298,
          "TP": 1.17902
        }
      },
      "aggregated": "STRONG_LONG"
    },
    "USD/JPY": {
      "signals": {
        "1m_7d": {
          "signal": 1,
          "live": 152.18,
          "SL": 135.40687,
          "TP": 168.95313
        },
        "5m_1mo": {
          "signal": 1,
          "live": 152.18,
          "SL": 135.3829,
          "TP": 168.9771
        },
        "15m_60d": {
          "signal": 1,
          "live": 152.18,
          "SL": 135.41482,
          "TP": 168.94518
        },
        "1h_2y": {
          "signal": 1,
          "live": 152.18,
          "SL": 135.40927,
          "TP": 168.95073
        },
        "1d_5y": {
          "signal": 1,
          "live": 152.18,
          "SL": 135.41145,
          "TP": 168.94855
        }
      },
      "aggregated": "STRONG_LONG"
    }
  }
}