{
  "timestamp": "2025-10-31T02:15:42.440821+00:00",
  "pairs": {
    "USD/JPY": {
      "signals": {
        "1m_7d": {
          "signal": 1,
          "live": 153.83,
          "SL": 145.67776,
          "TP": 161.98224
        },
        "5m_1mo": {
          "signal": 1,
          "live": 153.83,
          "SL": 145.68646,
          "TP": 161.97354
        },
        "15m_60d": {
          "signal": 1,
          "live": 153.83,
          "SL": 145.68239,
          "TP": 161.97761
        },
        "1h_2y": {
          "signal": 0,
          "live": 153.83,
          "SL": 145.68695,
          "TP": 161.97305
        },
        "1d_5y": {
          "signal": 1,
          "live": 153.83,
          "SL": 145.66224,
          "TP": 161.99776
        }
      },
      "aggregated": "STRONG_LONG"
    },
    "AUD/USD": {
      "signals": {
        "1m_7d": {
          "signal": 1,
          "live": 0.6555,
          "SL": 0.57241,
          "TP": 0.73859
        },
        "5m_1mo": {
          "signal": 1,
          "live": 0.6555,
          "SL": 0.57241,
          "TP": 0.73859
        },
        "15m_60d": {
          "signal": 1,
          "live": 0.6555,
          "SL": 0.5725,
          "TP": 0.7385
        },
        "1h_2y": {
          "signal": 1,
          "live": 0.6555,
          "SL": 0.57245,
          "TP": 0.73855
        },
        "1d_5y": {
          "signal": 1,
          "live": 0.6555,
          "SL": 0.57247,
          "TP": 0.73853
        }
      },
      "aggregated": "STRONG_LONG"
    },
    "GBP/USD": {
      "signals": {
        "1m_7d": {
          "signal": 1,
          "live": 1.315,
          "SL": 1.19728,
          "TP": 1.43272
        },
        "5m_1mo": {
          "signal": 1,
          "live": 1.315,
          "SL": 1.19729,
          "TP": 1.43271
        },
        "15m_60d": {
          "signal": 1,
          "live": 1.315,
          "SL": 1.1971,
          "TP": 1.4329
        },
        "1h_2y": {
          "signal": 1,
          "live": 1.315,
          "SL": 1.19737,
          "TP": 1.43263
        },
        "1d_5y": {
          "signal": 0,
          "live": 1.315,
          "SL": 1.19736,
          "TP": 1.43264
        }
      },
      "aggregated": "STRONG_LONG"
    },
    "EUR/USD": {
      "signals": {
        "1m_7d": {
          "signal": 1,
          "live": 1.157,
          "SL": 1.0477,
          "TP": 1.2663
        },
        "5m_1mo": {
          "signal": 1,
          "live": 1.157,
          "SL": 1.04747,
          "TP": 1.26653
        },
        "15m_60d": {
          "signal": 0,
          "live": 1.157,
          "SL": 1.04754,
          "TP": 1.26646
        },
        "1h_2y": {
          "signal": 1,
          "live": 1.157,
          "SL": 1.04757,
          "TP": 1.26643
        },
        "1d_5y": {
          "signal": 1,
          "live": 1.157,
          "SL": 1.04749,
          "TP": 1.26651
        }
      },
      "aggregated": "STRONG_LONG"
    }
  }
}