{
  "timestamp": "2025-11-06T20:30:26.072053+00:00",
  "pairs": {
    "EUR/USD": {
      "signals": {
        "1m_7d": {
          "signal": 0,
          "sgd_pred": 0,
          "rf_pred": 0,
          "confidence": 0.6862126036445328,
          "live": 1.154,
          "SL": 1.14347,
          "TP": 1.16453,
          "signal_id": 21
        },
        "5m_1mo": {
          "signal": 0,
          "sgd_pred": 0,
          "rf_pred": 0,
          "confidence": 0.6862126036445328,
          "live": 1.154,
          "SL": 1.14357,
          "TP": 1.16443,
          "signal_id": 22
        },
        "15m_60d": {
          "signal": 0,
          "sgd_pred": 0,
          "rf_pred": 0,
          "confidence": 0.5497569271874776,
          "live": 1.154,
          "SL": 1.14368,
          "TP": 1.16432,
          "signal_id": 23
        },
        "1h_2y": {
          "signal": 0,
          "sgd_pred": 0,
          "rf_pred": 0,
          "confidence": 0.6755973755708742,
          "live": 1.154,
          "SL": 1.1436,
          "TP": 1.1644,
          "signal_id": 24
        },
        "1d_5y": {
          "signal": 0,
          "sgd_pred": 0,
          "rf_pred": 0,
          "confidence": 0.7255989156351479,
          "live": 1.154,
          "SL": 1.14353,
          "TP": 1.16447,
          "signal_id": 25
        }
      },
      "aggregated": "STRONG_SHORT"
    },
    "GBP/USD": {
      "signals": {
        "1m_7d": {
          "signal": 1,
          "sgd_pred": 1,
          "rf_pred": 1,
          "confidence": 0.5498633783709774,
          "live": 1.313,
          "SL": 1.2987,
          "TP": 1.3273,
          "signal_id": 26
        },
        "5m_1mo": {
          "signal": 1,
          "sgd_pred": 1,
          "rf_pred": 0,
          "confidence": 0.5189925943105286,
          "live": 1.313,
          "SL": 1.29869,
          "TP": 1.32731,
          "signal_id": 27
        },
        "15m_60d": {
          "signal": 1,
          "sgd_pred": 1,
          "rf_pred": 0,
          "confidence": 0.5123419468669296,
          "live": 1.313,
          "SL": 1.29855,
          "TP": 1.32745,
          "signal_id": 28
        },
        "1h_2y": {
          "signal": 1,
          "sgd_pred": 1,
          "rf_pred": 0,
          "confidence": 0.5123419468669296,
          "live": 1.313,
          "SL": 1.29863,
          "TP": 1.32737,
          "signal_id": 29
        },
        "1d_5y": {
          "signal": 0,
          "sgd_pred": 0,
          "rf_pred": 0,
          "confidence": 0.6284452761159776,
          "live": 1.313,
          "SL": 1.2987,
          "TP": 1.3273,
          "signal_id": 30
        }
      },
      "aggregated": "STRONG_LONG"
    },
    "AUD/USD": {
      "signals": {
        "1m_7d": {
          "signal": 1,
          "sgd_pred": 0,
          "rf_pred": 1,
          "confidence": 0.5348974016562607,
          "live": 0.648,
          "SL": 0.6391,
          "TP": 0.6569,
          "signal_id": 31
        },
        "5m_1mo": {
          "signal": 0,
          "sgd_pred": 0,
          "rf_pred": 0,
          "confidence": 0.5992271603248184,
          "live": 0.648,
          "SL": 0.63918,
          "TP": 0.65682,
          "signal_id": 32
        },
        "15m_60d": {
          "signal": 1,
          "sgd_pred": 0,
          "rf_pred": 1,
          "confidence": 0.5433771706707562,
          "live": 0.648,
          "SL": 0.63913,
          "TP": 0.65687,
          "signal_id": 33
        },
        "1h_2y": {
          "signal": 1,
          "sgd_pred": 0,
          "rf_pred": 1,
          "confidence": 0.5368295902280176,
          "live": 0.648,
          "SL": 0.63918,
          "TP": 0.65682,
          "signal_id": 34
        },
        "1d_5y": {
          "signal": 0,
          "sgd_pred": 0,
          "rf_pred": 0,
          "confidence": 0.6399563837966693,
          "live": 0.648,
          "SL": 0.63918,
          "TP": 0.65682,
          "signal_id": 35
        }
      },
      "aggregated": "HOLD"
    },
    "USD/JPY": {
      "signals": {
        "1m_7d": {
          "signal": 1,
          "sgd_pred": 0,
          "rf_pred": 1,
          "confidence": 0.5384273511222949,
          "live": 153.12,
          "SL": 151.04274,
          "TP": 155.19726,
          "signal_id": 36
        },
        "5m_1mo": {
          "signal": 0,
          "sgd_pred": 0,
          "rf_pred": 0,
          "confidence": 0.5528022957013655,
          "live": 153.12,
          "SL": 151.03667,
          "TP": 155.20333,
          "signal_id": 37
        },
        "15m_60d": {
          "signal": 0,
          "sgd_pred": 0,
          "rf_pred": 0,
          "confidence": 0.5528022957013655,
          "live": 153.12,
          "SL": 151.03925,
          "TP": 155.20075,
          "signal_id": 38
        },
        "1h_2y": {
          "signal": 0,
          "sgd_pred": 0,
          "rf_pred": 0,
          "confidence": 0.5528022957013655,
          "live": 153.12,
          "SL": 151.04906,
          "TP": 155.19094,
          "signal_id": 39
        },
        "1d_5y": {
          "signal": 1,
          "sgd_pred": 1,
          "rf_pred": 1,
          "confidence": 0.5073676002681013,
          "live": 153.12,
          "SL": 151.03825,
          "TP": 155.20175,
          "signal_id": 40
        }
      },
      "aggregated": "HOLD"
    }
  }
}