{
  "timestamp": "2025-11-06T03:31:38.495507+00:00",
  "pairs": {
    "USD/JPY": {
      "signals": {
        "1m_7d": {
          "signal": 1,
          "sgd_pred": 0,
          "rf_pred": 1,
          "confidence": 0.6370721258585019,
          "live": 153.92,
          "SL": 151.94757,
          "TP": 155.89243,
          "signal_id": 1
        },
        "5m_1mo": {
          "signal": 0,
          "sgd_pred": 0,
          "rf_pred": 0,
          "confidence": 0.5783428602998173,
          "live": 153.92,
          "SL": 151.94924,
          "TP": 155.89076,
          "signal_id": 2
        },
        "15m_60d": {
          "signal": 1,
          "sgd_pred": 0,
          "rf_pred": 1,
          "confidence": 0.6447711552640512,
          "live": 153.92,
          "SL": 151.93541,
          "TP": 155.90459,
          "signal_id": 3
        },
        "1h_2y": {
          "signal": 0,
          "sgd_pred": 0,
          "rf_pred": 0,
          "confidence": 0.5220859969841415,
          "live": 153.92,
          "SL": 151.9495,
          "TP": 155.8905,
          "signal_id": 4
        },
        "1d_5y": {
          "signal": 1,
          "sgd_pred": 1,
          "rf_pred": 1,
          "confidence": 0.5419133860179464,
          "live": 153.92,
          "SL": 151.94697,
          "TP": 155.89303,
          "signal_id": 5
        }
      },
      "aggregated": "STRONG_LONG"
    },
    "GBP/USD": {
      "signals": {
        "1m_7d": {
          "signal": 1,
          "sgd_pred": 0,
          "rf_pred": 1,
          "confidence": 0.5493034015621165,
          "live": 1.306,
          "SL": 1.29084,
          "TP": 1.32116,
          "signal_id": 6
        },
        "5m_1mo": {
          "signal": 0,
          "sgd_pred": 0,
          "rf_pred": 0,
          "confidence": 0.7363075239251062,
          "live": 1.306,
          "SL": 1.29087,
          "TP": 1.32113,
          "signal_id": 7
        },
        "15m_60d": {
          "signal": 0,
          "sgd_pred": 0,
          "rf_pred": 0,
          "confidence": 0.5104408957889115,
          "live": 1.306,
          "SL": 1.29098,
          "TP": 1.32102,
          "signal_id": 8
        },
        "1h_2y": {
          "signal": 0,
          "sgd_pred": 0,
          "rf_pred": 0,
          "confidence": 0.7363075239251062,
          "live": 1.306,
          "SL": 1.29092,
          "TP": 1.32108,
          "signal_id": 9
        },
        "1d_5y": {
          "signal": 0,
          "sgd_pred": 0,
          "rf_pred": 0,
          "confidence": 0.605185039810204,
          "live": 1.306,
          "SL": 1.29088,
          "TP": 1.32112,
          "signal_id": 10
        }
      },
      "aggregated": "STRONG_SHORT"
    },
    "AUD/USD": {
      "signals": {
        "1m_7d": {
          "signal": 0,
          "sgd_pred": 0,
          "rf_pred": 0,
          "confidence": 0.5866280814642815,
          "live": 0.6511,
          "SL": 0.64262,
          "TP": 0.65958,
          "signal_id": 11
        },
        "5m_1mo": {
          "signal": 0,
          "sgd_pred": 0,
          "rf_pred": 0,
          "confidence": 0.5862565602522951,
          "live": 0.6511,
          "SL": 0.6426,
          "TP": 0.6596,
          "signal_id": 12
        },
        "15m_60d": {
          "signal": 1,
          "sgd_pred": 0,
          "rf_pred": 1,
          "confidence": 0.506026729221343,
          "live": 0.6511,
          "SL": 0.64263,
          "TP": 0.65957,
          "signal_id": 13
        },
        "1h_2y": {
          "signal": 1,
          "sgd_pred": 0,
          "rf_pred": 1,
          "confidence": 0.506026729221343,
          "live": 0.6511,
          "SL": 0.64262,
          "TP": 0.65958,
          "signal_id": 14
        },
        "1d_5y": {
          "signal": 1,
          "sgd_pred": 0,
          "rf_pred": 1,
          "confidence": 0.5219495453218395,
          "live": 0.6511,
          "SL": 0.64264,
          "TP": 0.65956,
          "signal_id": 15
        }
      },
      "aggregated": "STRONG_LONG"
    },
    "EUR/USD": {
      "signals": {
        "1m_7d": {
          "signal": 0,
          "sgd_pred": 0,
          "rf_pred": 0,
          "confidence": 0.5376140018333236,
          "live": 1.15,
          "SL": 1.13926,
          "TP": 1.16074,
          "signal_id": 16
        },
        "5m_1mo": {
          "signal": 0,
          "sgd_pred": 0,
          "rf_pred": 0,
          "confidence": 0.5376140018333236,
          "live": 1.15,
          "SL": 1.13924,
          "TP": 1.16076,
          "signal_id": 17
        },
        "15m_60d": {
          "signal": 0,
          "sgd_pred": 0,
          "rf_pred": 0,
          "confidence": 0.7342399802817242,
          "live": 1.15,
          "SL": 1.1393,
          "TP": 1.1607,
          "signal_id": 18
        },
        "1h_2y": {
          "signal": 0,
          "sgd_pred": 0,
          "rf_pred": 0,
          "confidence": 0.685081141153981,
          "live": 1.15,
          "SL": 1.13923,
          "TP": 1.16077,
          "signal_id": 19
        },
        "1d_5y": {
          "signal": 1,
          "sgd_pred": 0,
          "rf_pred": 1,
          "confidence": 0.5568034369924545,
          "live": 1.15,
          "SL": 1.13915,
          "TP": 1.16085,
          "signal_id": 20
        }
      },
      "aggregated": "STRONG_SHORT"
    }
  }
}