{
  "timestamp": "2025-11-03T19:53:56.680766+00:00",
  "pairs": {
    "GBP/USD": {
      "signals": {
        "1m_7d": {
          "signal": 0,
          "live": 1.313,
          "SL": 1.24244,
          "TP": 1.38356
        },
        "5m_1mo": {
          "signal": 1,
          "live": 1.313,
          "SL": 1.24245,
          "TP": 1.38355
        },
        "15m_60d": {
          "signal": 1,
          "live": 1.313,
          "SL": 1.24214,
          "TP": 1.38386
        },
        "1h_2y": {
          "signal": 0,
          "live": 1.313,
          "SL": 1.24222,
          "TP": 1.38378
        },
        "1d_5y": {
          "signal": 0,
          "live": 1.313,
          "SL": 1.24228,
          "TP": 1.38372
        }
      },
      "aggregated": "STRONG_SHORT"
    },
    "EUR/USD": {
      "signals": {
        "1m_7d": {
          "signal": 1,
          "live": 1.152,
          "SL": 1.07812,
          "TP": 1.22588
        },
        "5m_1mo": {
          "signal": 1,
          "live": 1.152,
          "SL": 1.07805,
          "TP": 1.22595
        },
        "15m_60d": {
          "signal": 1,
          "live": 1.152,
          "SL": 1.0781,
          "TP": 1.2259
        },
        "1h_2y": {
          "signal": 0,
          "live": 1.152,
          "SL": 1.07804,
          "TP": 1.22596
        },
        "1d_5y": {
          "signal": 0,
          "live": 1.152,
          "SL": 1.078,
          "TP": 1.226
        }
      },
      "aggregated": "STRONG_SHORT"
    },
    "USD/JPY": {
      "signals": {
        "1m_7d": {
          "signal": 1,
          "live": 154.19,
          "SL": 146.16405,
          "TP": 162.21595
        },
        "5m_1mo": {
          "signal": 1,
          "live": 154.19,
          "SL": 146.17891,
          "TP": 162.20109
        },
        "15m_60d": {
          "signal": 1,
          "live": 154.19,
          "SL": 146.16962,
          "TP": 162.21038
        },
        "1h_2y": {
          "signal": 1,
          "live": 154.19,
          "SL": 146.16601,
          "TP": 162.21399
        },
        "1d_5y": {
          "signal": 1,
          "live": 154.19,
          "SL": 146.15703,
          "TP": 162.22297
        }
      },
      "aggregated": "STRONG_LONG"
    },
    "AUD/USD": {
      "signals": {
        "1m_7d": {
          "signal": 1,
          "live": 0.654,
          "SL": 0.573,
          "TP": 0.735
        },
        "5m_1mo": {
          "signal": 1,
          "live": 0.654,
          "SL": 0.57294,
          "TP": 0.73506
        },
        "15m_60d": {
          "signal": 1,
          "live": 0.654,
          "SL": 0.5729,
          "TP": 0.7351
        },
        "1h_2y": {
          "signal": 1,
          "live": 0.654,
          "SL": 0.57293,
          "TP": 0.73507
        },
        "1d_5y": {
          "signal": 1,
          "live": 0.654,
          "SL": 0.57292,
          "TP": 0.73508
        }
      },
      "aggregated": "STRONG_LONG"
    }
  }
}