{
  "timestamp": "2025-10-09T21:26:05.578568+00:00",
  "pairs": {
    "EUR/USD": {
      "signals": {
        "1m_7d": {
          "signal": 0,
          "live": 1.156,
          "SL": 1.05531,
          "TP": 1.25669
        },
        "5m_1mo": {
          "signal": 0,
          "live": 1.156,
          "SL": 1.05531,
          "TP": 1.25669
        },
        "15m_60d": {
          "signal": 0,
          "live": 1.156,
          "SL": 1.05531,
          "TP": 1.25669
        },
        "1h_2y": {
          "signal": 0,
          "live": 1.156,
          "SL": 1.05531,
          "TP": 1.25669
        },
        "1d_5y": {
          "signal": 0,
          "live": 1.156,
          "SL": 1.09601,
          "TP": 1.21599
        }
      },
      "aggregated": "HOLD"
    },
    "AUD/USD": {
      "signals": {
        "1m_7d": {
          "signal": 0,
          "live": 0.6554,
          "SL": 0.61198,
          "TP": 0.69882
        },
        "5m_1mo": {
          "signal": 0,
          "live": 0.6554,
          "SL": 0.61198,
          "TP": 0.69882
        },
        "15m_60d": {
          "signal": 0,
          "live": 0.6554,
          "SL": 0.61198,
          "TP": 0.69882
        },
        "1h_2y": {
          "signal": 0,
          "live": 0.6554,
          "SL": 0.61198,
          "TP": 0.69882
        },
        "1d_5y": {
          "signal": 0,
          "live": 0.6554,
          "SL": 0.60806,
          "TP": 0.70274
        }
      },
      "aggregated": "HOLD"
    },
    "GBP/USD": {
      "signals": {
        "1m_7d": {
          "signal": 0,
          "live": 1.33,
          "SL": 1.2593,
          "TP": 1.4007
        },
        "5m_1mo": {
          "signal": 0,
          "live": 1.33,
          "SL": 1.2593,
          "TP": 1.4007
        },
        "15m_60d": {
          "signal": 0,
          "live": 1.33,
          "SL": 1.2593,
          "TP": 1.4007
        },
        "1h_2y": {
          "signal": 0,
          "live": 1.33,
          "SL": 1.2593,
          "TP": 1.4007
        },
        "1d_5y": {
          "signal": 0,
          "live": 1.33,
          "SL": 1.24536,
          "TP": 1.41464
        }
      },
      "aggregated": "HOLD"
    },
    "USD/JPY": {
      "signals": {
        "1m_7d": {
          "signal": 1,
          "live": 153.06,
          "SL": 144.9708,
          "TP": 161.1492
        },
        "5m_1mo": {
          "signal": 0,
          "live": 153.06,
          "SL": 144.9708,
          "TP": 161.1492
        },
        "15m_60d": {
          "signal": 0,
          "live": 153.06,
          "SL": 144.9708,
          "TP": 161.1492
        },
        "1h_2y": {
          "signal": 0,
          "live": 153.06,
          "SL": 144.9708,
          "TP": 161.1492
        },
        "1d_5y": {
          "signal": 1,
          "live": 153.06,
          "SL": 144.96589,
          "TP": 161.15411
        }
      },
      "aggregated": "STRONG_LONG"
    }
  }
}