{
  "timestamp": "2025-11-03T05:48:56.135366+00:00",
  "pairs": {
    "EUR/USD": {
      "signals": {
        "1m_7d": {
          "signal": 0,
          "live": 1.153,
          "SL": 1.05041,
          "TP": 1.25559
        },
        "5m_1mo": {
          "signal": 1,
          "live": 1.153,
          "SL": 1.05046,
          "TP": 1.25554
        },
        "15m_60d": {
          "signal": 0,
          "live": 1.153,
          "SL": 1.05052,
          "TP": 1.25548
        },
        "1h_2y": {
          "signal": 0,
          "live": 1.153,
          "SL": 1.05055,
          "TP": 1.25545
        },
        "1d_5y": {
          "signal": 0,
          "live": 1.153,
          "SL": 1.05049,
          "TP": 1.25551
        }
      },
      "aggregated": "STRONG_SHORT"
    },
    "USD/JPY": {
      "signals": {
        "1m_7d": {
          "signal": 1,
          "live": 154.09,
          "SL": 141.8287,
          "TP": 166.3513
        },
        "5m_1mo": {
          "signal": 1,
          "live": 154.09,
          "SL": 141.83892,
          "TP": 166.34108
        },
        "15m_60d": {
          "signal": 1,
          "live": 154.09,
          "SL": 141.79059,
          "TP": 166.38941
        },
        "1h_2y": {
          "signal": 1,
          "live": 154.09,
          "SL": 141.84403,
          "TP": 166.33597
        },
        "1d_5y": {
          "signal": 1,
          "live": 154.09,
          "SL": 141.80912,
          "TP": 166.37088
        }
      },
      "aggregated": "STRONG_LONG"
    },
    "GBP/USD": {
      "signals": {
        "1m_7d": {
          "signal": 0,
          "live": 1.314,
          "SL": 1.22173,
          "TP": 1.40627
        },
        "5m_1mo": {
          "signal": 1,
          "live": 1.314,
          "SL": 1.22233,
          "TP": 1.40567
        },
        "15m_60d": {
          "signal": 1,
          "live": 1.314,
          "SL": 1.22196,
          "TP": 1.40604
        },
        "1h_2y": {
          "signal": 0,
          "live": 1.314,
          "SL": 1.22232,
          "TP": 1.40568
        },
        "1d_5y": {
          "signal": 1,
          "live": 1.314,
          "SL": 1.22164,
          "TP": 1.40636
        }
      },
      "aggregated": "STRONG_LONG"
    },
    "AUD/USD": {
      "signals": {
        "1m_7d": {
          "signal": 1,
          "live": 0.6559,
          "SL": 0.58745,
          "TP": 0.72435
        },
        "5m_1mo": {
          "signal": 1,
          "live": 0.6559,
          "SL": 0.58749,
          "TP": 0.72431
        },
        "15m_60d": {
          "signal": 1,
          "live": 0.6559,
          "SL": 0.58756,
          "TP": 0.72424
        },
        "1h_2y": {
          "signal": 0,
          "live": 0.6559,
          "SL": 0.58749,
          "TP": 0.72431
        },
        "1d_5y": {
          "signal": 1,
          "live": 0.6559,
          "SL": 0.58749,
          "TP": 0.72431
        }
      },
      "aggregated": "STRONG_LONG"
    }
  }
}