{
  "timestamp": "2025-11-03T19:37:09.966672+00:00",
  "pairs": {
    "EUR/USD": {
      "signals": {
        "1m_7d": {
          "signal": 0,
          "live": 1.151,
          "SL": 1.04851,
          "TP": 1.25349
        },
        "5m_1mo": {
          "signal": 0,
          "live": 1.151,
          "SL": 1.0487,
          "TP": 1.2533
        },
        "15m_60d": {
          "signal": 0,
          "live": 1.151,
          "SL": 1.04879,
          "TP": 1.25321
        },
        "1h_2y": {
          "signal": 1,
          "live": 1.151,
          "SL": 1.04871,
          "TP": 1.25329
        },
        "1d_5y": {
          "signal": 1,
          "live": 1.151,
          "SL": 1.04878,
          "TP": 1.25322
        }
      },
      "aggregated": "STRONG_LONG"
    },
    "USD/JPY": {
      "signals": {
        "1m_7d": {
          "signal": 1,
          "live": 154.23,
          "SL": 141.9843,
          "TP": 166.4757
        },
        "5m_1mo": {
          "signal": 1,
          "live": 154.23,
          "SL": 141.97505,
          "TP": 166.48495
        },
        "15m_60d": {
          "signal": 0,
          "live": 154.23,
          "SL": 141.99538,
          "TP": 166.46462
        },
        "1h_2y": {
          "signal": 1,
          "live": 154.23,
          "SL": 141.97107,
          "TP": 166.48893
        },
        "1d_5y": {
          "signal": 1,
          "live": 154.23,
          "SL": 141.99121,
          "TP": 166.46879
        }
      },
      "aggregated": "STRONG_LONG"
    },
    "GBP/USD": {
      "signals": {
        "1m_7d": {
          "signal": 1,
          "live": 1.314,
          "SL": 1.22245,
          "TP": 1.40555
        },
        "5m_1mo": {
          "signal": 0,
          "live": 1.314,
          "SL": 1.22195,
          "TP": 1.40605
        },
        "15m_60d": {
          "signal": 1,
          "live": 1.314,
          "SL": 1.22224,
          "TP": 1.40576
        },
        "1h_2y": {
          "signal": 0,
          "live": 1.314,
          "SL": 1.22197,
          "TP": 1.40603
        },
        "1d_5y": {
          "signal": 1,
          "live": 1.314,
          "SL": 1.22202,
          "TP": 1.40598
        }
      },
      "aggregated": "STRONG_LONG"
    },
    "AUD/USD": {
      "signals": {
        "1m_7d": {
          "signal": 1,
          "live": 0.6539,
          "SL": 0.58566,
          "TP": 0.72214
        },
        "5m_1mo": {
          "signal": 0,
          "live": 0.6539,
          "SL": 0.58563,
          "TP": 0.72217
        },
        "15m_60d": {
          "signal": 0,
          "live": 0.6539,
          "SL": 0.58551,
          "TP": 0.72229
        },
        "1h_2y": {
          "signal": 1,
          "live": 0.6539,
          "SL": 0.58561,
          "TP": 0.72219
        },
        "1d_5y": {
          "signal": 0,
          "live": 0.6539,
          "SL": 0.58551,
          "TP": 0.72229
        }
      },
      "aggregated": "STRONG_SHORT"
    }
  }
}