{
  "timestamp": "2025-10-20T03:27:22.731853+00:00",
  "pairs": {
    "EUR/USD": {
      "signals": {
        "1m_7d": {
          "signal": 0,
          "live": 1.166,
          "SL": 1.06253,
          "TP": 1.26947
        },
        "5m_1mo": {
          "signal": 0,
          "live": 1.166,
          "SL": 1.06253,
          "TP": 1.26947
        },
        "15m_60d": {
          "signal": 0,
          "live": 1.166,
          "SL": 1.06253,
          "TP": 1.26947
        },
        "1h_2y": {
          "signal": 0,
          "live": 1.166,
          "SL": 1.06253,
          "TP": 1.26947
        },
        "1d_5y": {
          "signal": 0,
          "live": 1.166,
          "SL": 1.10147,
          "TP": 1.23053
        }
      },
      "aggregated": "HOLD"
    },
    "GBP/USD": {
      "signals": {
        "1m_7d": {
          "signal": 0,
          "live": 1.343,
          "SL": 1.2717,
          "TP": 1.4143
        },
        "5m_1mo": {
          "signal": 0,
          "live": 1.343,
          "SL": 1.2717,
          "TP": 1.4143
        },
        "15m_60d": {
          "signal": 0,
          "live": 1.343,
          "SL": 1.2717,
          "TP": 1.4143
        },
        "1h_2y": {
          "signal": 0,
          "live": 1.343,
          "SL": 1.2717,
          "TP": 1.4143
        },
        "1d_5y": {
          "signal": 0,
          "live": 1.343,
          "SL": 1.25478,
          "TP": 1.43122
        }
      },
      "aggregated": "HOLD"
    },
    "AUD/USD": {
      "signals": {
        "1m_7d": {
          "signal": 0,
          "live": 0.6506,
          "SL": 0.60585,
          "TP": 0.69535
        },
        "5m_1mo": {
          "signal": 0,
          "live": 0.6506,
          "SL": 0.60585,
          "TP": 0.69535
        },
        "15m_60d": {
          "signal": 0,
          "live": 0.6506,
          "SL": 0.60585,
          "TP": 0.69535
        },
        "1h_2y": {
          "signal": 0,
          "live": 0.6506,
          "SL": 0.60585,
          "TP": 0.69535
        },
        "1d_5y": {
          "signal": 0,
          "live": 0.6506,
          "SL": 0.60042,
          "TP": 0.70078
        }
      },
      "aggregated": "HOLD"
    },
    "USD/JPY": {
      "signals": {
        "1m_7d": {
          "signal": 0,
          "live": 150.84,
          "SL": 142.86986,
          "TP": 158.81014
        },
        "5m_1mo": {
          "signal": 0,
          "live": 150.84,
          "SL": 142.86986,
          "TP": 158.81014
        },
        "15m_60d": {
          "signal": 0,
          "live": 150.84,
          "SL": 142.86986,
          "TP": 158.81014
        },
        "1h_2y": {
          "signal": 0,
          "live": 150.84,
          "SL": 142.86986,
          "TP": 158.81014
        },
        "1d_5y": {
          "signal": 0,
          "live": 150.84,
          "SL": 142.86542,
          "TP": 158.81458
        }
      },
      "aggregated": "HOLD"
    }
  }
}