{
  "timestamp": "2025-10-09T01:46:02.708939+00:00",
  "pairs": {
    "AUD/USD": {
      "signals": {
        "1m_7d": {
          "signal": 0,
          "live": 0.6596,
          "SL": 0.61596,
          "TP": 0.70324
        },
        "5m_1mo": {
          "signal": 0,
          "live": 0.6596,
          "SL": 0.61596,
          "TP": 0.70324
        },
        "15m_60d": {
          "signal": 0,
          "live": 0.6596,
          "SL": 0.61596,
          "TP": 0.70324
        },
        "1h_2y": {
          "signal": 0,
          "live": 0.6596,
          "SL": 0.61596,
          "TP": 0.70324
        },
        "1d_5y": {
          "signal": 0,
          "live": 0.6596,
          "SL": 0.61151,
          "TP": 0.70769
        }
      },
      "aggregated": "HOLD"
    },
    "EUR/USD": {
      "signals": {
        "1m_7d": {
          "signal": 0,
          "live": 1.164,
          "SL": 1.05935,
          "TP": 1.26865
        },
        "5m_1mo": {
          "signal": 0,
          "live": 1.164,
          "SL": 1.05935,
          "TP": 1.26865
        },
        "15m_60d": {
          "signal": 0,
          "live": 1.164,
          "SL": 1.05935,
          "TP": 1.26865
        },
        "1h_2y": {
          "signal": 0,
          "live": 1.164,
          "SL": 1.05935,
          "TP": 1.26865
        },
        "1d_5y": {
          "signal": 0,
          "live": 1.164,
          "SL": 1.05935,
          "TP": 1.26865
        }
      },
      "aggregated": "HOLD"
    },
    "GBP/USD": {
      "signals": {
        "1m_7d": {
          "signal": 0,
          "live": 1.341,
          "SL": 1.26974,
          "TP": 1.41226
        },
        "5m_1mo": {
          "signal": 0,
          "live": 1.341,
          "SL": 1.26974,
          "TP": 1.41226
        },
        "15m_60d": {
          "signal": 0,
          "live": 1.341,
          "SL": 1.26974,
          "TP": 1.41226
        },
        "1h_2y": {
          "signal": 0,
          "live": 1.341,
          "SL": 1.26974,
          "TP": 1.41226
        },
        "1d_5y": {
          "signal": 0,
          "live": 1.341,
          "SL": 1.26974,
          "TP": 1.41226
        }
      },
      "aggregated": "HOLD"
    },
    "USD/JPY": {
      "signals": {
        "1m_7d": {
          "signal": 0,
          "live": 152.44,
          "SL": 144.34497,
          "TP": 160.53503
        },
        "5m_1mo": {
          "signal": 0,
          "live": 152.44,
          "SL": 144.34497,
          "TP": 160.53503
        },
        "15m_60d": {
          "signal": 0,
          "live": 152.44,
          "SL": 144.34497,
          "TP": 160.53503
        },
        "1h_2y": {
          "signal": 0,
          "live": 152.44,
          "SL": 144.34497,
          "TP": 160.53503
        },
        "1d_5y": {
          "signal": 1,
          "live": 152.44,
          "SL": 144.34485,
          "TP": 160.53515
        }
      },
      "aggregated": "HOLD"
    }
  }
}