{
  "timestamp": "2025-10-31T22:21:29.582626+00:00",
  "pairs": {
    "USD/JPY": {
      "signals": {
        "1m_7d": {
          "signal": 1,
          "live": 153.95,
          "SL": 145.7782,
          "TP": 162.1218
        },
        "5m_1mo": {
          "signal": 1,
          "live": 153.95,
          "SL": 145.79112,
          "TP": 162.10888
        },
        "15m_60d": {
          "signal": 1,
          "live": 153.95,
          "SL": 145.78899,
          "TP": 162.11101
        },
        "1h_2y": {
          "signal": 1,
          "live": 153.95,
          "SL": 145.80316,
          "TP": 162.09684
        },
        "1d_5y": {
          "signal": 0,
          "live": 153.95,
          "SL": 145.79717,
          "TP": 162.10283
        }
      },
      "aggregated": "STRONG_LONG"
    },
    "GBP/USD": {
      "signals": {
        "1m_7d": {
          "signal": 1,
          "live": 1.315,
          "SL": 1.19736,
          "TP": 1.43264
        },
        "5m_1mo": {
          "signal": 1,
          "live": 1.315,
          "SL": 1.19717,
          "TP": 1.43283
        },
        "15m_60d": {
          "signal": 0,
          "live": 1.315,
          "SL": 1.19701,
          "TP": 1.43299
        },
        "1h_2y": {
          "signal": 1,
          "live": 1.315,
          "SL": 1.19739,
          "TP": 1.43261
        },
        "1d_5y": {
          "signal": 0,
          "live": 1.315,
          "SL": 1.19723,
          "TP": 1.43277
        }
      },
      "aggregated": "HOLD"
    },
    "AUD/USD": {
      "signals": {
        "1m_7d": {
          "signal": 1,
          "live": 0.6542,
          "SL": 0.57113,
          "TP": 0.73727
        },
        "5m_1mo": {
          "signal": 1,
          "live": 0.6542,
          "SL": 0.57119,
          "TP": 0.73721
        },
        "15m_60d": {
          "signal": 1,
          "live": 0.6542,
          "SL": 0.57121,
          "TP": 0.73719
        },
        "1h_2y": {
          "signal": 1,
          "live": 0.6542,
          "SL": 0.57121,
          "TP": 0.73719
        },
        "1d_5y": {
          "signal": 1,
          "live": 0.6542,
          "SL": 0.57123,
          "TP": 0.73717
        }
      },
      "aggregated": "STRONG_LONG"
    },
    "EUR/USD": {
      "signals": {
        "1m_7d": {
          "signal": 1,
          "live": 1.16,
          "SL": 1.0504,
          "TP": 1.2696
        },
        "5m_1mo": {
          "signal": 1,
          "live": 1.16,
          "SL": 1.05056,
          "TP": 1.26944
        },
        "15m_60d": {
          "signal": 0,
          "live": 1.16,
          "SL": 1.0505,
          "TP": 1.2695
        },
        "1h_2y": {
          "signal": 1,
          "live": 1.16,
          "SL": 1.05038,
          "TP": 1.26962
        },
        "1d_5y": {
          "signal": 0,
          "live": 1.16,
          "SL": 1.05053,
          "TP": 1.26947
        }
      },
      "aggregated": "HOLD"
    }
  }
}