{
  "timestamp": "2025-10-22T19:37:57.060796+00:00",
  "pairs": {
    "AUD/USD": {
      "signals": {
        "1m_7d": {
          "signal": 1,
          "live": 0.6489,
          "SL": 0.60401,
          "TP": 0.69379
        },
        "5m_1mo": {
          "signal": 1,
          "live": 0.6489,
          "SL": 0.60396,
          "TP": 0.69384
        },
        "15m_60d": {
          "signal": 0,
          "live": 0.6489,
          "SL": 0.60396,
          "TP": 0.69384
        },
        "1h_2y": {
          "signal": 1,
          "live": 0.6489,
          "SL": 0.60398,
          "TP": 0.69382
        },
        "1d_5y": {
          "signal": 1,
          "live": 0.6489,
          "SL": 0.60398,
          "TP": 0.69382
        }
      },
      "aggregated": "STRONG_LONG"
    },
    "EUR/USD": {
      "signals": {
        "1m_7d": {
          "signal": 0,
          "live": 1.16,
          "SL": 1.08796,
          "TP": 1.23204
        },
        "5m_1mo": {
          "signal": 1,
          "live": 1.16,
          "SL": 1.08786,
          "TP": 1.23214
        },
        "15m_60d": {
          "signal": 0,
          "live": 1.16,
          "SL": 1.08771,
          "TP": 1.23229
        },
        "1h_2y": {
          "signal": 0,
          "live": 1.16,
          "SL": 1.08792,
          "TP": 1.23208
        },
        "1d_5y": {
          "signal": 1,
          "live": 1.16,
          "SL": 1.08786,
          "TP": 1.23214
        }
      },
      "aggregated": "HOLD"
    },
    "GBP/USD": {
      "signals": {
        "1m_7d": {
          "signal": 1,
          "live": 1.335,
          "SL": 1.25364,
          "TP": 1.41636
        },
        "5m_1mo": {
          "signal": 0,
          "live": 1.335,
          "SL": 1.25349,
          "TP": 1.41651
        },
        "15m_60d": {
          "signal": 0,
          "live": 1.335,
          "SL": 1.25352,
          "TP": 1.41648
        },
        "1h_2y": {
          "signal": 0,
          "live": 1.335,
          "SL": 1.25351,
          "TP": 1.41649
        },
        "1d_5y": {
          "signal": 0,
          "live": 1.335,
          "SL": 1.25361,
          "TP": 1.41639
        }
      },
      "aggregated": "STRONG_SHORT"
    },
    "USD/JPY": {
      "signals": {
        "1m_7d": {
          "signal": 1,
          "live": 151.96,
          "SL": 143.86648,
          "TP": 160.05352
        },
        "5m_1mo": {
          "signal": 1,
          "live": 151.96,
          "SL": 143.86182,
          "TP": 160.05818
        },
        "15m_60d": {
          "signal": 1,
          "live": 151.96,
          "SL": 143.86086,
          "TP": 160.05914
        },
        "1h_2y": {
          "signal": 0,
          "live": 151.96,
          "SL": 143.87395,
          "TP": 160.04605
        },
        "1d_5y": {
          "signal": 1,
          "live": 151.96,
          "SL": 143.85698,
          "TP": 160.06302
        }
      },
      "aggregated": "STRONG_LONG"
    }
  }
}