{
  "timestamp": "2025-10-26T04:36:04.848115+00:00",
  "pairs": {
    "AUD/USD": {
      "signals": {
        "1m_7d": {
          "signal": 1,
          "live": 0.651,
          "SL": 0.60602,
          "TP": 0.69598
        },
        "5m_1mo": {
          "signal": 1,
          "live": 0.651,
          "SL": 0.60608,
          "TP": 0.69592
        },
        "15m_60d": {
          "signal": 1,
          "live": 0.651,
          "SL": 0.60591,
          "TP": 0.69609
        },
        "1h_2y": {
          "signal": 0,
          "live": 0.651,
          "SL": 0.60602,
          "TP": 0.69598
        },
        "1d_5y": {
          "signal": 0,
          "live": 0.651,
          "SL": 0.60601,
          "TP": 0.69599
        }
      },
      "aggregated": "STRONG_SHORT"
    },
    "USD/JPY": {
      "signals": {
        "1m_7d": {
          "signal": 1,
          "live": 152.8,
          "SL": 136.04135,
          "TP": 169.55865
        },
        "5m_1mo": {
          "signal": 1,
          "live": 152.8,
          "SL": 136.05235,
          "TP": 169.54765
        },
        "15m_60d": {
          "signal": 1,
          "live": 152.8,
          "SL": 136.05287,
          "TP": 169.54713
        },
        "1h_2y": {
          "signal": 0,
          "live": 152.8,
          "SL": 136.05231,
          "TP": 169.54769
        },
        "1d_5y": {
          "signal": 1,
          "live": 152.8,
          "SL": 136.04791,
          "TP": 169.55209
        }
      },
      "aggregated": "STRONG_LONG"
    },
    "EUR/USD": {
      "signals": {
        "1m_7d": {
          "signal": 1,
          "live": 1.162,
          "SL": 1.14911,
          "TP": 1.17489
        },
        "5m_1mo": {
          "signal": 1,
          "live": 1.162,
          "SL": 1.14892,
          "TP": 1.17508
        },
        "15m_60d": {
          "signal": 1,
          "live": 1.162,
          "SL": 1.14934,
          "TP": 1.17466
        },
        "1h_2y": {
          "signal": 1,
          "live": 1.162,
          "SL": 1.14931,
          "TP": 1.17469
        },
        "1d_5y": {
          "signal": 1,
          "live": 1.162,
          "SL": 1.14938,
          "TP": 1.17462
        }
      },
      "aggregated": "STRONG_LONG"
    },
    "GBP/USD": {
      "signals": {
        "1m_7d": {
          "signal": 0,
          "live": 1.33,
          "SL": 1.29355,
          "TP": 1.36645
        },
        "5m_1mo": {
          "signal": 0,
          "live": 1.33,
          "SL": 1.29356,
          "TP": 1.36644
        },
        "15m_60d": {
          "signal": 0,
          "live": 1.33,
          "SL": 1.29356,
          "TP": 1.36644
        },
        "1h_2y": {
          "signal": 1,
          "live": 1.33,
          "SL": 1.29366,
          "TP": 1.36634
        },
        "1d_5y": {
          "signal": 1,
          "live": 1.33,
          "SL": 1.29383,
          "TP": 1.36617
        }
      },
      "aggregated": "STRONG_LONG"
    }
  }
}