{
  "timestamp": "2025-11-05T23:06:51.057199+00:00",
  "pairs": {
    "USD/JPY": {
      "signals": {
        "1m_7d": {
          "signal": 1,
          "sgd_pred": 1,
          "rf_pred": 1,
          "confidence": 0.6103386340767116,
          "live": 154.04,
          "SL": 152.01055,
          "TP": 156.06945,
          "signal_id": 1
        },
        "5m_1mo": {
          "signal": 1,
          "sgd_pred": 1,
          "rf_pred": 0,
          "confidence": 0.5026065385349816,
          "live": 154.04,
          "SL": 152.00502,
          "TP": 156.07498,
          "signal_id": 2
        },
        "15m_60d": {
          "signal": 1,
          "sgd_pred": 1,
          "rf_pred": 0,
          "confidence": 0.5069727679868403,
          "live": 154.04,
          "SL": 152.00311,
          "TP": 156.07689,
          "signal_id": 3
        },
        "1h_2y": {
          "signal": 1,
          "sgd_pred": 1,
          "rf_pred": 1,
          "confidence": 0.6717734691819093,
          "live": 154.04,
          "SL": 151.99708,
          "TP": 156.08292,
          "signal_id": 4
        },
        "1d_5y": {
          "signal": 0,
          "sgd_pred": 0,
          "rf_pred": 0,
          "confidence": 0.5857443524926431,
          "live": 154.04,
          "SL": 152.01978,
          "TP": 156.06022,
          "signal_id": 5
        }
      },
      "aggregated": "STRONG_LONG"
    },
    "GBP/USD": {
      "signals": {
        "1m_7d": {
          "signal": 1,
          "sgd_pred": 1,
          "rf_pred": 0,
          "confidence": 0.6817307926660039,
          "live": 1.304,
          "SL": 1.28837,
          "TP": 1.31963,
          "signal_id": 6
        },
        "5m_1mo": {
          "signal": 0,
          "sgd_pred": 0,
          "rf_pred": 0,
          "confidence": 0.6829654174100495,
          "live": 1.304,
          "SL": 1.28839,
          "TP": 1.31961,
          "signal_id": 7
        },
        "15m_60d": {
          "signal": 1,
          "sgd_pred": 1,
          "rf_pred": 0,
          "confidence": 0.5195253137481296,
          "live": 1.304,
          "SL": 1.28845,
          "TP": 1.31955,
          "signal_id": 8
        },
        "1h_2y": {
          "signal": 1,
          "sgd_pred": 1,
          "rf_pred": 0,
          "confidence": 0.7313877458227867,
          "live": 1.304,
          "SL": 1.28846,
          "TP": 1.31954,
          "signal_id": 9
        },
        "1d_5y": {
          "signal": 1,
          "sgd_pred": 1,
          "rf_pred": 1,
          "confidence": 0.5624310242487867,
          "live": 1.304,
          "SL": 1.28836,
          "TP": 1.31964,
          "signal_id": 10
        }
      },
      "aggregated": "STRONG_LONG"
    },
    "AUD/USD": {
      "signals": {
        "1m_7d": {
          "signal": 1,
          "sgd_pred": 1,
          "rf_pred": 0,
          "confidence": 0.5865651113824375,
          "live": 0.6505,
          "SL": 0.64156,
          "TP": 0.65944,
          "signal_id": 11
        },
        "5m_1mo": {
          "signal": 1,
          "sgd_pred": 1,
          "rf_pred": 1,
          "confidence": 0.5348422011736418,
          "live": 0.6505,
          "SL": 0.64158,
          "TP": 0.65942,
          "signal_id": 12
        },
        "15m_60d": {
          "signal": 1,
          "sgd_pred": 1,
          "rf_pred": 1,
          "confidence": 0.5348422011736418,
          "live": 0.6505,
          "SL": 0.6416,
          "TP": 0.6594,
          "signal_id": 13
        },
        "1h_2y": {
          "signal": 1,
          "sgd_pred": 1,
          "rf_pred": 0,
          "confidence": 0.5865651113824375,
          "live": 0.6505,
          "SL": 0.64147,
          "TP": 0.65953,
          "signal_id": 14
        },
        "1d_5y": {
          "signal": 1,
          "sgd_pred": 1,
          "rf_pred": 0,
          "confidence": 0.5058104464835838,
          "live": 0.6505,
          "SL": 0.6416,
          "TP": 0.6594,
          "signal_id": 15
        }
      },
      "aggregated": "STRONG_LONG"
    },
    "EUR/USD": {
      "signals": {
        "1m_7d": {
          "signal": 1,
          "sgd_pred": 1,
          "rf_pred": 0,
          "confidence": 0.7085622425558156,
          "live": 1.149,
          "SL": 1.13764,
          "TP": 1.16036,
          "signal_id": 16
        },
        "5m_1mo": {
          "signal": 0,
          "sgd_pred": 0,
          "rf_pred": 0,
          "confidence": 0.7420536408222357,
          "live": 1.149,
          "SL": 1.13773,
          "TP": 1.16027,
          "signal_id": 17
        },
        "15m_60d": {
          "signal": 1,
          "sgd_pred": 1,
          "rf_pred": 0,
          "confidence": 0.5095423487144957,
          "live": 1.149,
          "SL": 1.13771,
          "TP": 1.16029,
          "signal_id": 18
        },
        "1h_2y": {
          "signal": 1,
          "sgd_pred": 1,
          "rf_pred": 0,
          "confidence": 0.5811446965174473,
          "live": 1.149,
          "SL": 1.13768,
          "TP": 1.16032,
          "signal_id": 19
        },
        "1d_5y": {
          "signal": 1,
          "sgd_pred": 1,
          "rf_pred": 1,
          "confidence": 0.5818636723170919,
          "live": 1.149,
          "SL": 1.13763,
          "TP": 1.16037,
          "signal_id": 20
        }
      },
      "aggregated": "STRONG_LONG"
    }
  }
}