{
  "timestamp": "2025-10-21T04:20:33.628082+00:00",
  "pairs": {
    "GBP/USD": {
      "signals": {
        "1m_7d": {
          "signal": 0,
          "live": 1.339,
          "SL": 1.26757,
          "TP": 1.41043
        },
        "5m_1mo": {
          "signal": 1,
          "live": 1.339,
          "SL": 1.26754,
          "TP": 1.41046
        },
        "15m_60d": {
          "signal": 0,
          "live": 1.339,
          "SL": 1.26735,
          "TP": 1.41065
        },
        "1h_2y": {
          "signal": 0,
          "live": 1.339,
          "SL": 1.26742,
          "TP": 1.41058
        },
        "1d_5y": {
          "signal": 0,
          "live": 1.339,
          "SL": 1.2676,
          "TP": 1.4104
        }
      },
      "aggregated": "STRONG_SHORT"
    },
    "AUD/USD": {
      "signals": {
        "1m_7d": {
          "signal": 0,
          "live": 0.6502,
          "SL": 0.61547,
          "TP": 0.68493
        },
        "5m_1mo": {
          "signal": 1,
          "live": 0.6502,
          "SL": 0.61541,
          "TP": 0.68499
        },
        "15m_60d": {
          "signal": 1,
          "live": 0.6502,
          "SL": 0.61545,
          "TP": 0.68495
        },
        "1h_2y": {
          "signal": 0,
          "live": 0.6502,
          "SL": 0.61539,
          "TP": 0.68501
        },
        "1d_5y": {
          "signal": 1,
          "live": 0.6502,
          "SL": 0.61542,
          "TP": 0.68498
        }
      },
      "aggregated": "STRONG_LONG"
    },
    "USD/JPY": {
      "signals": {
        "1m_7d": {
          "signal": 1,
          "live": 151.05,
          "SL": 142.99995,
          "TP": 159.10005
        },
        "5m_1mo": {
          "signal": 1,
          "live": 151.05,
          "SL": 142.99626,
          "TP": 159.10374
        },
        "15m_60d": {
          "signal": 0,
          "live": 151.05,
          "SL": 142.99371,
          "TP": 159.10629
        },
        "1h_2y": {
          "signal": 1,
          "live": 151.05,
          "SL": 142.99964,
          "TP": 159.10036
        },
        "1d_5y": {
          "signal": 1,
          "live": 151.05,
          "SL": 142.97669,
          "TP": 159.12331
        }
      },
      "aggregated": "STRONG_LONG"
    },
    "EUR/USD": {
      "signals": {
        "1m_7d": {
          "signal": 1,
          "live": 1.163,
          "SL": 1.10091,
          "TP": 1.22509
        },
        "5m_1mo": {
          "signal": 0,
          "live": 1.163,
          "SL": 1.10083,
          "TP": 1.22517
        },
        "15m_60d": {
          "signal": 0,
          "live": 1.163,
          "SL": 1.10094,
          "TP": 1.22506
        },
        "1h_2y": {
          "signal": 0,
          "live": 1.163,
          "SL": 1.10086,
          "TP": 1.22514
        },
        "1d_5y": {
          "signal": 1,
          "live": 1.163,
          "SL": 1.10098,
          "TP": 1.22502
        }
      },
      "aggregated": "HOLD"
    }
  }
}