{
  "timestamp": "2025-10-21T04:13:39.657009+00:00",
  "pairs": {
    "GBP/USD": {
      "signals": {
        "1m_7d": {
          "signal": 0,
          "live": 1.339,
          "SL": 1.26734,
          "TP": 1.41066
        },
        "5m_1mo": {
          "signal": 1,
          "live": 1.339,
          "SL": 1.26741,
          "TP": 1.41059
        },
        "15m_60d": {
          "signal": 0,
          "live": 1.339,
          "SL": 1.26758,
          "TP": 1.41042
        },
        "1h_2y": {
          "signal": 1,
          "live": 1.339,
          "SL": 1.26749,
          "TP": 1.41051
        },
        "1d_5y": {
          "signal": 0,
          "live": 1.339,
          "SL": 1.26751,
          "TP": 1.41049
        }
      },
      "aggregated": "STRONG_SHORT"
    },
    "AUD/USD": {
      "signals": {
        "1m_7d": {
          "signal": 1,
          "live": 0.65,
          "SL": 0.61526,
          "TP": 0.68474
        },
        "5m_1mo": {
          "signal": 0,
          "live": 0.65,
          "SL": 0.61516,
          "TP": 0.68484
        },
        "15m_60d": {
          "signal": 0,
          "live": 0.65,
          "SL": 0.61523,
          "TP": 0.68477
        },
        "1h_2y": {
          "signal": 1,
          "live": 0.65,
          "SL": 0.61515,
          "TP": 0.68485
        },
        "1d_5y": {
          "signal": 1,
          "live": 0.65,
          "SL": 0.61532,
          "TP": 0.68468
        }
      },
      "aggregated": "STRONG_LONG"
    },
    "USD/JPY": {
      "signals": {
        "1m_7d": {
          "signal": 1,
          "live": 151.05,
          "SL": 143.00072,
          "TP": 159.09928
        },
        "5m_1mo": {
          "signal": 1,
          "live": 151.05,
          "SL": 142.99133,
          "TP": 159.10867
        },
        "15m_60d": {
          "signal": 1,
          "live": 151.05,
          "SL": 143.01486,
          "TP": 159.08514
        },
        "1h_2y": {
          "signal": 1,
          "live": 151.05,
          "SL": 142.99601,
          "TP": 159.10399
        },
        "1d_5y": {
          "signal": 1,
          "live": 151.05,
          "SL": 142.98989,
          "TP": 159.11011
        }
      },
      "aggregated": "STRONG_LONG"
    },
    "EUR/USD": {
      "signals": {
        "1m_7d": {
          "signal": 1,
          "live": 1.163,
          "SL": 1.10092,
          "TP": 1.22508
        },
        "5m_1mo": {
          "signal": 0,
          "live": 1.163,
          "SL": 1.10092,
          "TP": 1.22508
        },
        "15m_60d": {
          "signal": 0,
          "live": 1.163,
          "SL": 1.10098,
          "TP": 1.22502
        },
        "1h_2y": {
          "signal": 1,
          "live": 1.163,
          "SL": 1.10098,
          "TP": 1.22502
        },
        "1d_5y": {
          "signal": 1,
          "live": 1.163,
          "SL": 1.10102,
          "TP": 1.22498
        }
      },
      "aggregated": "STRONG_LONG"
    }
  }
}