{
  "timestamp": "2025-11-02T08:58:45.782400+00:00",
  "pairs": {
    "USD/JPY": {
      "signals": {
        "1m_7d": {
          "signal": 1,
          "live": 154.02,
          "SL": 145.85171,
          "TP": 162.18829
        },
        "5m_1mo": {
          "signal": 1,
          "live": 154.02,
          "SL": 145.86513,
          "TP": 162.17487
        },
        "15m_60d": {
          "signal": 0,
          "live": 154.02,
          "SL": 145.83876,
          "TP": 162.20124
        },
        "1h_2y": {
          "signal": 1,
          "live": 154.02,
          "SL": 145.86655,
          "TP": 162.17345
        },
        "1d_5y": {
          "signal": 0,
          "live": 154.02,
          "SL": 145.8533,
          "TP": 162.1867
        }
      },
      "aggregated": "HOLD"
    },
    "GBP/USD": {
      "signals": {
        "1m_7d": {
          "signal": 1,
          "live": 1.315,
          "SL": 1.19718,
          "TP": 1.43282
        },
        "5m_1mo": {
          "signal": 0,
          "live": 1.315,
          "SL": 1.19738,
          "TP": 1.43262
        },
        "15m_60d": {
          "signal": 1,
          "live": 1.315,
          "SL": 1.19715,
          "TP": 1.43285
        },
        "1h_2y": {
          "signal": 1,
          "live": 1.315,
          "SL": 1.1972,
          "TP": 1.4328
        },
        "1d_5y": {
          "signal": 1,
          "live": 1.315,
          "SL": 1.19718,
          "TP": 1.43282
        }
      },
      "aggregated": "STRONG_LONG"
    },
    "AUD/USD": {
      "signals": {
        "1m_7d": {
          "signal": 1,
          "live": 0.6542,
          "SL": 0.57118,
          "TP": 0.73722
        },
        "5m_1mo": {
          "signal": 0,
          "live": 0.6542,
          "SL": 0.57118,
          "TP": 0.73722
        },
        "15m_60d": {
          "signal": 0,
          "live": 0.6542,
          "SL": 0.57121,
          "TP": 0.73719
        },
        "1h_2y": {
          "signal": 1,
          "live": 0.6542,
          "SL": 0.57126,
          "TP": 0.73714
        },
        "1d_5y": {
          "signal": 1,
          "live": 0.6542,
          "SL": 0.5713,
          "TP": 0.7371
        }
      },
      "aggregated": "STRONG_LONG"
    },
    "EUR/USD": {
      "signals": {
        "1m_7d": {
          "signal": 0,
          "live": 1.159,
          "SL": 1.04944,
          "TP": 1.26856
        },
        "5m_1mo": {
          "signal": 1,
          "live": 1.159,
          "SL": 1.04949,
          "TP": 1.26851
        },
        "15m_60d": {
          "signal": 0,
          "live": 1.159,
          "SL": 1.04931,
          "TP": 1.26869
        },
        "1h_2y": {
          "signal": 1,
          "live": 1.159,
          "SL": 1.04937,
          "TP": 1.26863
        },
        "1d_5y": {
          "signal": 1,
          "live": 1.159,
          "SL": 1.0494,
          "TP": 1.2686
        }
      },
      "aggregated": "STRONG_LONG"
    }
  }
}