{
  "timestamp": "2025-10-29T04:28:20.745436+00:00",
  "pairs": {
    "AUD/USD": {
      "signals": {
        "1m_7d": {
          "signal": 1,
          "live": 0.6598,
          "SL": 0.61431,
          "TP": 0.70529
        },
        "5m_1mo": {
          "signal": 0,
          "live": 0.6598,
          "SL": 0.61431,
          "TP": 0.70529
        },
        "15m_60d": {
          "signal": 0,
          "live": 0.6598,
          "SL": 0.61436,
          "TP": 0.70524
        },
        "1h_2y": {
          "signal": 0,
          "live": 0.6598,
          "SL": 0.61425,
          "TP": 0.70535
        },
        "1d_5y": {
          "signal": 0,
          "live": 0.6598,
          "SL": 0.61428,
          "TP": 0.70532
        }
      },
      "aggregated": "STRONG_SHORT"
    },
    "USD/JPY": {
      "signals": {
        "1m_7d": {
          "signal": 1,
          "live": 152.03,
          "SL": 135.08383,
          "TP": 168.97617
        },
        "5m_1mo": {
          "signal": 1,
          "live": 152.03,
          "SL": 135.05583,
          "TP": 169.00417
        },
        "15m_60d": {
          "signal": 0,
          "live": 152.03,
          "SL": 135.06582,
          "TP": 168.99418
        },
        "1h_2y": {
          "signal": 0,
          "live": 152.03,
          "SL": 135.08798,
          "TP": 168.97202
        },
        "1d_5y": {
          "signal": 1,
          "live": 152.03,
          "SL": 135.08724,
          "TP": 168.97276
        }
      },
      "aggregated": "HOLD"
    },
    "EUR/USD": {
      "signals": {
        "1m_7d": {
          "signal": 1,
          "live": 1.163,
          "SL": 1.14917,
          "TP": 1.17683
        },
        "5m_1mo": {
          "signal": 1,
          "live": 1.163,
          "SL": 1.1493,
          "TP": 1.1767
        },
        "15m_60d": {
          "signal": 1,
          "live": 1.163,
          "SL": 1.14898,
          "TP": 1.17702
        },
        "1h_2y": {
          "signal": 1,
          "live": 1.163,
          "SL": 1.14929,
          "TP": 1.17671
        },
        "1d_5y": {
          "signal": 1,
          "live": 1.163,
          "SL": 1.14917,
          "TP": 1.17683
        }
      },
      "aggregated": "STRONG_LONG"
    },
    "GBP/USD": {
      "signals": {
        "1m_7d": {
          "signal": 1,
          "live": 1.325,
          "SL": 1.29035,
          "TP": 1.35965
        },
        "5m_1mo": {
          "signal": 0,
          "live": 1.325,
          "SL": 1.29084,
          "TP": 1.35916
        },
        "15m_60d": {
          "signal": 0,
          "live": 1.325,
          "SL": 1.29023,
          "TP": 1.35977
        },
        "1h_2y": {
          "signal": 1,
          "live": 1.325,
          "SL": 1.29034,
          "TP": 1.35966
        },
        "1d_5y": {
          "signal": 0,
          "live": 1.325,
          "SL": 1.29067,
          "TP": 1.35933
        }
      },
      "aggregated": "STRONG_SHORT"
    }
  }
}