{
  "timestamp": "2025-10-23T04:04:24.490753+00:00",
  "pairs": {
    "AUD/USD": {
      "signals": {
        "1m_7d": {
          "signal": 1,
          "live": 0.6481,
          "SL": 0.60363,
          "TP": 0.69257
        },
        "5m_1mo": {
          "signal": 1,
          "live": 0.6481,
          "SL": 0.60353,
          "TP": 0.69267
        },
        "15m_60d": {
          "signal": 0,
          "live": 0.6481,
          "SL": 0.60357,
          "TP": 0.69263
        },
        "1h_2y": {
          "signal": 0,
          "live": 0.6481,
          "SL": 0.60342,
          "TP": 0.69278
        },
        "1d_5y": {
          "signal": 0,
          "live": 0.6481,
          "SL": 0.60358,
          "TP": 0.69262
        }
      },
      "aggregated": "STRONG_SHORT"
    },
    "EUR/USD": {
      "signals": {
        "1m_7d": {
          "signal": 0,
          "live": 1.159,
          "SL": 1.0872,
          "TP": 1.2308
        },
        "5m_1mo": {
          "signal": 1,
          "live": 1.159,
          "SL": 1.08723,
          "TP": 1.23077
        },
        "15m_60d": {
          "signal": 0,
          "live": 1.159,
          "SL": 1.08717,
          "TP": 1.23083
        },
        "1h_2y": {
          "signal": 1,
          "live": 1.159,
          "SL": 1.08726,
          "TP": 1.23074
        },
        "1d_5y": {
          "signal": 1,
          "live": 1.159,
          "SL": 1.08705,
          "TP": 1.23095
        }
      },
      "aggregated": "STRONG_LONG"
    },
    "GBP/USD": {
      "signals": {
        "1m_7d": {
          "signal": 0,
          "live": 1.333,
          "SL": 1.25194,
          "TP": 1.41406
        },
        "5m_1mo": {
          "signal": 0,
          "live": 1.333,
          "SL": 1.2518,
          "TP": 1.4142
        },
        "15m_60d": {
          "signal": 0,
          "live": 1.333,
          "SL": 1.25216,
          "TP": 1.41384
        },
        "1h_2y": {
          "signal": 0,
          "live": 1.333,
          "SL": 1.25209,
          "TP": 1.41391
        },
        "1d_5y": {
          "signal": 1,
          "live": 1.333,
          "SL": 1.25196,
          "TP": 1.41404
        }
      },
      "aggregated": "STRONG_SHORT"
    },
    "USD/JPY": {
      "signals": {
        "1m_7d": {
          "signal": 1,
          "live": 152.55,
          "SL": 144.42823,
          "TP": 160.67177
        },
        "5m_1mo": {
          "signal": 1,
          "live": 152.55,
          "SL": 144.42961,
          "TP": 160.67039
        },
        "15m_60d": {
          "signal": 1,
          "live": 152.55,
          "SL": 144.41614,
          "TP": 160.68386
        },
        "1h_2y": {
          "signal": 1,
          "live": 152.55,
          "SL": 144.41352,
          "TP": 160.68648
        },
        "1d_5y": {
          "signal": 1,
          "live": 152.55,
          "SL": 144.41985,
          "TP": 160.68015
        }
      },
      "aggregated": "STRONG_LONG"
    }
  }
}