{
  "timestamp": "2025-10-22T02:00:50.049486+00:00",
  "pairs": {
    "USD/JPY": {
      "signals": {
        "1m_7d": {
          "signal": 0,
          "live": 151.74,
          "SL": 143.70056,
          "TP": 159.77944
        },
        "5m_1mo": {
          "signal": 1,
          "live": 151.74,
          "SL": 143.70233,
          "TP": 159.77767
        },
        "15m_60d": {
          "signal": 1,
          "live": 151.74,
          "SL": 143.70119,
          "TP": 159.77881
        },
        "1h_2y": {
          "signal": 0,
          "live": 151.74,
          "SL": 143.68595,
          "TP": 159.79405
        },
        "1d_5y": {
          "signal": 1,
          "live": 151.74,
          "SL": 143.70222,
          "TP": 159.77778
        }
      },
      "aggregated": "STRONG_LONG"
    },
    "AUD/USD": {
      "signals": {
        "1m_7d": {
          "signal": 1,
          "live": 0.6489,
          "SL": 0.6109,
          "TP": 0.6869
        },
        "5m_1mo": {
          "signal": 1,
          "live": 0.6489,
          "SL": 0.61077,
          "TP": 0.68703
        },
        "15m_60d": {
          "signal": 1,
          "live": 0.6489,
          "SL": 0.61084,
          "TP": 0.68696
        },
        "1h_2y": {
          "signal": 1,
          "live": 0.6489,
          "SL": 0.61051,
          "TP": 0.68729
        },
        "1d_5y": {
          "signal": 1,
          "live": 0.6489,
          "SL": 0.61089,
          "TP": 0.68691
        }
      },
      "aggregated": "STRONG_LONG"
    },
    "GBP/USD": {
      "signals": {
        "1m_7d": {
          "signal": 0,
          "live": 1.337,
          "SL": 1.27629,
          "TP": 1.39771
        },
        "5m_1mo": {
          "signal": 0,
          "live": 1.337,
          "SL": 1.27619,
          "TP": 1.39781
        },
        "15m_60d": {
          "signal": 1,
          "live": 1.337,
          "SL": 1.27601,
          "TP": 1.39799
        },
        "1h_2y": {
          "signal": 0,
          "live": 1.337,
          "SL": 1.27621,
          "TP": 1.39779
        },
        "1d_5y": {
          "signal": 1,
          "live": 1.337,
          "SL": 1.27594,
          "TP": 1.39806
        }
      },
      "aggregated": "HOLD"
    },
    "EUR/USD": {
      "signals": {
        "1m_7d": {
          "signal": 1,
          "live": 1.16,
          "SL": 1.11781,
          "TP": 1.20219
        },
        "5m_1mo": {
          "signal": 1,
          "live": 1.16,
          "SL": 1.11814,
          "TP": 1.20186
        },
        "15m_60d": {
          "signal": 1,
          "live": 1.16,
          "SL": 1.1181,
          "TP": 1.2019
        },
        "1h_2y": {
          "signal": 0,
          "live": 1.16,
          "SL": 1.11808,
          "TP": 1.20192
        },
        "1d_5y": {
          "signal": 1,
          "live": 1.16,
          "SL": 1.11761,
          "TP": 1.20239
        }
      },
      "aggregated": "STRONG_LONG"
    }
  }
}