{
  "timestamp": "2025-10-20T22:12:46.941262+00:00",
  "pairs": {
    "GBP/USD": {
      "signals": {
        "1m_7d": {
          "signal": 0,
          "live": 1.34,
          "SL": 1.26885,
          "TP": 1.41115
        },
        "5m_1mo": {
          "signal": 0,
          "live": 1.34,
          "SL": 1.26885,
          "TP": 1.41115
        },
        "15m_60d": {
          "signal": 0,
          "live": 1.34,
          "SL": 1.26885,
          "TP": 1.41115
        },
        "1h_2y": {
          "signal": 0,
          "live": 1.34,
          "SL": 1.26885,
          "TP": 1.41115
        },
        "1d_5y": {
          "signal": 0,
          "live": 1.34,
          "SL": 1.26885,
          "TP": 1.41115
        }
      },
      "aggregated": "HOLD"
    },
    "AUD/USD": {
      "signals": {
        "1m_7d": {
          "signal": 0,
          "live": 0.6515,
          "SL": 0.57072,
          "TP": 0.73228
        },
        "5m_1mo": {
          "signal": 0,
          "live": 0.6515,
          "SL": 0.57072,
          "TP": 0.73228
        },
        "15m_60d": {
          "signal": 0,
          "live": 0.6515,
          "SL": 0.57072,
          "TP": 0.73228
        },
        "1h_2y": {
          "signal": 0,
          "live": 0.6515,
          "SL": 0.57072,
          "TP": 0.73228
        },
        "1d_5y": {
          "signal": 0,
          "live": 0.6515,
          "SL": 0.57072,
          "TP": 0.73228
        }
      },
      "aggregated": "HOLD"
    },
    "USD/JPY": {
      "signals": {
        "1m_7d": {
          "signal": 0,
          "live": 150.7,
          "SL": 142.82149,
          "TP": 158.57851
        },
        "5m_1mo": {
          "signal": 0,
          "live": 150.7,
          "SL": 142.82149,
          "TP": 158.57851
        },
        "15m_60d": {
          "signal": 0,
          "live": 150.7,
          "SL": 142.82149,
          "TP": 158.57851
        },
        "1h_2y": {
          "signal": 0,
          "live": 150.7,
          "SL": 142.82149,
          "TP": 158.57851
        },
        "1d_5y": {
          "signal": 0,
          "live": 150.7,
          "SL": 142.82149,
          "TP": 158.57851
        }
      },
      "aggregated": "HOLD"
    },
    "EUR/USD": {
      "signals": {
        "1m_7d": {
          "signal": 0,
          "live": 1.164,
          "SL": 1.09019,
          "TP": 1.23781
        },
        "5m_1mo": {
          "signal": 0,
          "live": 1.164,
          "SL": 1.09019,
          "TP": 1.23781
        },
        "15m_60d": {
          "signal": 0,
          "live": 1.164,
          "SL": 1.09019,
          "TP": 1.23781
        },
        "1h_2y": {
          "signal": 0,
          "live": 1.164,
          "SL": 1.09019,
          "TP": 1.23781
        },
        "1d_5y": {
          "signal": 0,
          "live": 1.164,
          "SL": 1.09019,
          "TP": 1.23781
        }
      },
      "aggregated": "HOLD"
    }
  }
}