{
  "timestamp": "2025-10-09T00:49:14.293901+00:00",
  "pairs": {
    "USD/JPY": {
      "signals": {
        "1m_7d": {
          "signal": 1,
          "live_price": null,
          "SL": 0.45069519835956473,
          "TP": 1.7876254614898262
        },
        "5m_1mo": {
          "signal": 1,
          "live_price": null,
          "SL": 0.45069519835956473,
          "TP": 1.7876254614898262
        },
        "15m_60d": {
          "signal": 1,
          "live_price": null,
          "SL": 0.45069519835956473,
          "TP": 1.7876254614898262
        },
        "1h_2y": {
          "signal": 1,
          "live_price": null,
          "SL": 0.45069519835956473,
          "TP": 1.7876254614898262
        },
        "1d_5y": {
          "signal": 1,
          "live_price": null,
          "SL": 0.45069519835956473,
          "TP": 1.7876254614898262
        }
      },
      "aggregated": "STRONG_LONG",
      "last_signal": 1
    },
    "EUR/USD": {
      "signals": {
        "1m_7d": {
          "signal": 0,
          "live_price": null,
          "SL": 0.3174008122461733,
          "TP": 0.3174008122461733
        },
        "5m_1mo": {
          "signal": 0,
          "live_price": null,
          "SL": 0.3174008122461733,
          "TP": 0.3174008122461733
        },
        "15m_60d": {
          "signal": 0,
          "live_price": null,
          "SL": 0.3174008122461733,
          "TP": 0.3174008122461733
        },
        "1h_2y": {
          "signal": 0,
          "live_price": null,
          "SL": 0.3174008122461733,
          "TP": 0.3174008122461733
        },
        "1d_5y": {
          "signal": 0,
          "live_price": null,
          "SL": 0.3174008122461733,
          "TP": 0.3174008122461733
        }
      },
      "aggregated": "HOLD",
      "last_signal": 0
    },
    "GBP/USD": {
      "signals": {
        "1m_7d": {
          "signal": 0,
          "live_price": null,
          "SL": 0.2627277534733907,
          "TP": 0.2627277534733907
        },
        "5m_1mo": {
          "signal": 0,
          "live_price": null,
          "SL": 0.2627277534733907,
          "TP": 0.2627277534733907
        },
        "15m_60d": {
          "signal": 0,
          "live_price": null,
          "SL": 0.2627277534733907,
          "TP": 0.2627277534733907
        },
        "1h_2y": {
          "signal": 0,
          "live_price": null,
          "SL": 0.2627277534733907,
          "TP": 0.2627277534733907
        },
        "1d_5y": {
          "signal": 0,
          "live_price": null,
          "SL": 0.2627277534733907,
          "TP": 0.2627277534733907
        }
      },
      "aggregated": "HOLD",
      "last_signal": 0
    },
    "AUD/USD": {
      "signals": {
        "1m_7d": {
          "signal": 1,
          "live_price": null,
          "SL": 0.042000479154650106,
          "TP": 0.4293560377676658
        },
        "5m_1mo": {
          "signal": 1,
          "live_price": null,
          "SL": 0.042000479154650106,
          "TP": 0.4293560377676658
        },
        "15m_60d": {
          "signal": 1,
          "live_price": null,
          "SL": 0.042000479154650106,
          "TP": 0.4293560377676658
        },
        "1h_2y": {
          "signal": 1,
          "live_price": null,
          "SL": 0.042000479154650106,
          "TP": 0.4293560377676658
        },
        "1d_5y": {
          "signal": 1,
          "live_price": null,
          "SL": 0.042000479154650106,
          "TP": 0.4293560377676658
        }
      },
      "aggregated": "STRONG_LONG",
      "last_signal": 1
    }
  }
}