{
  "timestamp": "2025-11-01T10:04:49.081072+00:00",
  "pairs": {
    "USD/JPY": {
      "signals": {
        "1m_7d": {
          "signal": 1,
          "live": 154.0,
          "SL": 145.84736,
          "TP": 162.15264
        },
        "5m_1mo": {
          "signal": 1,
          "live": 154.0,
          "SL": 145.82754,
          "TP": 162.17246
        },
        "15m_60d": {
          "signal": 0,
          "live": 154.0,
          "SL": 145.85591,
          "TP": 162.14409
        },
        "1h_2y": {
          "signal": 1,
          "live": 154.0,
          "SL": 145.83015,
          "TP": 162.16985
        },
        "1d_5y": {
          "signal": 1,
          "live": 154.0,
          "SL": 145.85359,
          "TP": 162.14641
        }
      },
      "aggregated": "STRONG_LONG"
    },
    "GBP/USD": {
      "signals": {
        "1m_7d": {
          "signal": 0,
          "live": 1.315,
          "SL": 1.19735,
          "TP": 1.43265
        },
        "5m_1mo": {
          "signal": 0,
          "live": 1.315,
          "SL": 1.19742,
          "TP": 1.43258
        },
        "15m_60d": {
          "signal": 1,
          "live": 1.315,
          "SL": 1.19713,
          "TP": 1.43287
        },
        "1h_2y": {
          "signal": 0,
          "live": 1.315,
          "SL": 1.19712,
          "TP": 1.43288
        },
        "1d_5y": {
          "signal": 1,
          "live": 1.315,
          "SL": 1.19726,
          "TP": 1.43274
        }
      },
      "aggregated": "HOLD"
    },
    "AUD/USD": {
      "signals": {
        "1m_7d": {
          "signal": 1,
          "live": 0.654,
          "SL": 0.57101,
          "TP": 0.73699
        },
        "5m_1mo": {
          "signal": 1,
          "live": 0.654,
          "SL": 0.57094,
          "TP": 0.73706
        },
        "15m_60d": {
          "signal": 1,
          "live": 0.654,
          "SL": 0.57102,
          "TP": 0.73698
        },
        "1h_2y": {
          "signal": 1,
          "live": 0.654,
          "SL": 0.57109,
          "TP": 0.73691
        },
        "1d_5y": {
          "signal": 1,
          "live": 0.654,
          "SL": 0.57101,
          "TP": 0.73699
        }
      },
      "aggregated": "STRONG_LONG"
    },
    "EUR/USD": {
      "signals": {
        "1m_7d": {
          "signal": 1,
          "live": 1.155,
          "SL": 1.0457,
          "TP": 1.2643
        },
        "5m_1mo": {
          "signal": 0,
          "live": 1.155,
          "SL": 1.04565,
          "TP": 1.26435
        },
        "15m_60d": {
          "signal": 1,
          "live": 1.155,
          "SL": 1.04575,
          "TP": 1.26425
        },
        "1h_2y": {
          "signal": 1,
          "live": 1.155,
          "SL": 1.04557,
          "TP": 1.26443
        },
        "1d_5y": {
          "signal": 1,
          "live": 1.155,
          "SL": 1.04559,
          "TP": 1.26441
        }
      },
      "aggregated": "STRONG_LONG"
    }
  }
}