{
  "timestamp": "2025-11-06T20:38:11.098935+00:00",
  "pairs": {
    "EUR/USD": {
      "signals": {
        "1m_7d": {
          "signal": 0,
          "sgd_pred": 0,
          "rf_pred": 0,
          "confidence": 0.5,
          "live": 1.154,
          "SL": 1.14335,
          "TP": 1.16465,
          "signal_id": 41
        },
        "5m_1mo": {
          "signal": 0,
          "sgd_pred": 0,
          "rf_pred": 0,
          "confidence": 0.5,
          "live": 1.154,
          "SL": 1.14363,
          "TP": 1.16437,
          "signal_id": 42
        },
        "15m_60d": {
          "signal": 0,
          "sgd_pred": 0,
          "rf_pred": 0,
          "confidence": 0.5,
          "live": 1.154,
          "SL": 1.14357,
          "TP": 1.16443,
          "signal_id": 43
        },
        "1h_2y": {
          "signal": 0,
          "sgd_pred": 0,
          "rf_pred": 0,
          "confidence": 0.5,
          "live": 1.154,
          "SL": 1.14361,
          "TP": 1.16439,
          "signal_id": 44
        },
        "1d_5y": {
          "signal": 0,
          "sgd_pred": 0,
          "rf_pred": 0,
          "confidence": 0.5,
          "live": 1.154,
          "SL": 1.14349,
          "TP": 1.16451,
          "signal_id": 45
        }
      },
      "aggregated": "STRONG_SHORT"
    },
    "GBP/USD": {
      "signals": {
        "1m_7d": {
          "signal": 0,
          "sgd_pred": 0,
          "rf_pred": 0,
          "confidence": 0.6523104800207722,
          "live": 1.313,
          "SL": 1.29872,
          "TP": 1.32728,
          "signal_id": 46
        },
        "5m_1mo": {
          "signal": 0,
          "sgd_pred": 0,
          "rf_pred": 0,
          "confidence": 0.5995344451627602,
          "live": 1.313,
          "SL": 1.29869,
          "TP": 1.32731,
          "signal_id": 47
        },
        "15m_60d": {
          "signal": 0,
          "sgd_pred": 0,
          "rf_pred": 0,
          "confidence": 0.6523104800207722,
          "live": 1.313,
          "SL": 1.29872,
          "TP": 1.32728,
          "signal_id": 48
        },
        "1h_2y": {
          "signal": 1,
          "sgd_pred": 0,
          "rf_pred": 1,
          "confidence": 0.5426650809633444,
          "live": 1.313,
          "SL": 1.29862,
          "TP": 1.32738,
          "signal_id": 49
        },
        "1d_5y": {
          "signal": 1,
          "sgd_pred": 0,
          "rf_pred": 1,
          "confidence": 0.5931357925098006,
          "live": 1.313,
          "SL": 1.29859,
          "TP": 1.32741,
          "signal_id": 50
        }
      },
      "aggregated": "STRONG_LONG"
    },
    "AUD/USD": {
      "signals": {
        "1m_7d": {
          "signal": 0,
          "sgd_pred": 0,
          "rf_pred": 0,
          "confidence": 0.6390428092500816,
          "live": 0.648,
          "SL": 0.6392,
          "TP": 0.6568,
          "signal_id": 51
        },
        "5m_1mo": {
          "signal": 0,
          "sgd_pred": 0,
          "rf_pred": 0,
          "confidence": 0.6433483972457749,
          "live": 0.648,
          "SL": 0.63921,
          "TP": 0.65679,
          "signal_id": 52
        },
        "15m_60d": {
          "signal": 0,
          "sgd_pred": 0,
          "rf_pred": 0,
          "confidence": 0.5900611669968012,
          "live": 0.648,
          "SL": 0.63912,
          "TP": 0.65688,
          "signal_id": 53
        },
        "1h_2y": {
          "signal": 1,
          "sgd_pred": 0,
          "rf_pred": 1,
          "confidence": 0.5400079861896248,
          "live": 0.648,
          "SL": 0.63913,
          "TP": 0.65687,
          "signal_id": 54
        },
        "1d_5y": {
          "signal": 0,
          "sgd_pred": 0,
          "rf_pred": 0,
          "confidence": 0.6495082596801007,
          "live": 0.648,
          "SL": 0.63917,
          "TP": 0.65683,
          "signal_id": 55
        }
      },
      "aggregated": "STRONG_SHORT"
    },
    "USD/JPY": {
      "signals": {
        "1m_7d": {
          "signal": 0,
          "sgd_pred": 0,
          "rf_pred": 0,
          "confidence": 0.5231891090552825,
          "live": 153.13,
          "SL": 151.06317,
          "TP": 155.19683,
          "signal_id": 56
        },
        "5m_1mo": {
          "signal": 1,
          "sgd_pred": 0,
          "rf_pred": 1,
          "confidence": 0.5334842009214753,
          "live": 153.13,
          "SL": 151.04906,
          "TP": 155.21094,
          "signal_id": 57
        },
        "15m_60d": {
          "signal": 0,
          "sgd_pred": 0,
          "rf_pred": 0,
          "confidence": 0.5577185705183876,
          "live": 153.13,
          "SL": 151.06154,
          "TP": 155.19846,
          "signal_id": 58
        },
        "1h_2y": {
          "signal": 0,
          "sgd_pred": 0,
          "rf_pred": 0,
          "confidence": 0.5578081523166771,
          "live": 153.13,
          "SL": 151.07014,
          "TP": 155.18986,
          "signal_id": 59
        },
        "1d_5y": {
          "signal": 1,
          "sgd_pred": 1,
          "rf_pred": 1,
          "confidence": 0.5307574216338111,
          "live": 153.13,
          "SL": 151.04997,
          "TP": 155.21003,
          "signal_id": 60
        }
      },
      "aggregated": "HOLD"
    }
  }
}