{
  "timestamp": "2025-10-26T22:05:40.123438+00:00",
  "pairs": {
    "AUD/USD": {
      "signals": {
        "1m_7d": {
          "signal": 1,
          "live": 0.6536,
          "SL": 0.60845,
          "TP": 0.69875
        },
        "5m_1mo": {
          "signal": 1,
          "live": 0.6536,
          "SL": 0.60847,
          "TP": 0.69873
        },
        "15m_60d": {
          "signal": 1,
          "live": 0.6536,
          "SL": 0.60843,
          "TP": 0.69877
        },
        "1h_2y": {
          "signal": 0,
          "live": 0.6536,
          "SL": 0.60845,
          "TP": 0.69875
        },
        "1d_5y": {
          "signal": 1,
          "live": 0.6536,
          "SL": 0.60848,
          "TP": 0.69872
        }
      },
      "aggregated": "STRONG_LONG"
    },
    "USD/JPY": {
      "signals": {
        "1m_7d": {
          "signal": 0,
          "live": 153.07,
          "SL": 136.3171,
          "TP": 169.8229
        },
        "5m_1mo": {
          "signal": 1,
          "live": 153.07,
          "SL": 136.32934,
          "TP": 169.81066
        },
        "15m_60d": {
          "signal": 0,
          "live": 153.07,
          "SL": 136.34643,
          "TP": 169.79357
        },
        "1h_2y": {
          "signal": 0,
          "live": 153.07,
          "SL": 136.33779,
          "TP": 169.80221
        },
        "1d_5y": {
          "signal": 0,
          "live": 153.07,
          "SL": 136.34187,
          "TP": 169.79813
        }
      },
      "aggregated": "STRONG_SHORT"
    },
    "EUR/USD": {
      "signals": {
        "1m_7d": {
          "signal": 1,
          "live": 1.162,
          "SL": 1.14946,
          "TP": 1.17454
        },
        "5m_1mo": {
          "signal": 0,
          "live": 1.162,
          "SL": 1.14929,
          "TP": 1.17471
        },
        "15m_60d": {
          "signal": 1,
          "live": 1.162,
          "SL": 1.14907,
          "TP": 1.17493
        },
        "1h_2y": {
          "signal": 1,
          "live": 1.162,
          "SL": 1.14922,
          "TP": 1.17478
        },
        "1d_5y": {
          "signal": 1,
          "live": 1.162,
          "SL": 1.14931,
          "TP": 1.17469
        }
      },
      "aggregated": "STRONG_LONG"
    },
    "GBP/USD": {
      "signals": {
        "1m_7d": {
          "signal": 1,
          "live": 1.332,
          "SL": 1.29562,
          "TP": 1.36838
        },
        "5m_1mo": {
          "signal": 1,
          "live": 1.332,
          "SL": 1.29569,
          "TP": 1.36831
        },
        "15m_60d": {
          "signal": 1,
          "live": 1.332,
          "SL": 1.29599,
          "TP": 1.36801
        },
        "1h_2y": {
          "signal": 0,
          "live": 1.332,
          "SL": 1.29609,
          "TP": 1.36791
        },
        "1d_5y": {
          "signal": 1,
          "live": 1.332,
          "SL": 1.29598,
          "TP": 1.36802
        }
      },
      "aggregated": "STRONG_LONG"
    }
  }
}