{
  "timestamp": "2025-10-19T20:42:01.087631+00:00",
  "pairs": {
    "EUR/USD": {
      "signals": {
        "1m_7d": {
          "signal": 0,
          "live": 1.166,
          "SL": 1.06253,
          "TP": 1.26947
        },
        "5m_1mo": {
          "signal": 0,
          "live": 1.166,
          "SL": 1.06253,
          "TP": 1.26947
        },
        "15m_60d": {
          "signal": 0,
          "live": 1.166,
          "SL": 1.06253,
          "TP": 1.26947
        },
        "1h_2y": {
          "signal": 0,
          "live": 1.166,
          "SL": 1.06253,
          "TP": 1.26947
        },
        "1d_5y": {
          "signal": 0,
          "live": 1.166,
          "SL": 1.10147,
          "TP": 1.23053
        }
      },
      "aggregated": "HOLD"
    },
    "GBP/USD": {
      "signals": {
        "1m_7d": {
          "signal": 0,
          "live": 1.343,
          "SL": 1.2717,
          "TP": 1.4143
        },
        "5m_1mo": {
          "signal": 0,
          "live": 1.343,
          "SL": 1.2717,
          "TP": 1.4143
        },
        "15m_60d": {
          "signal": 0,
          "live": 1.343,
          "SL": 1.2717,
          "TP": 1.4143
        },
        "1h_2y": {
          "signal": 0,
          "live": 1.343,
          "SL": 1.2717,
          "TP": 1.4143
        },
        "1d_5y": {
          "signal": 0,
          "live": 1.343,
          "SL": 1.25478,
          "TP": 1.43122
        }
      },
      "aggregated": "HOLD"
    },
    "AUD/USD": {
      "signals": {
        "1m_7d": {
          "signal": 0,
          "live": 0.6492,
          "SL": 0.60453,
          "TP": 0.69387
        },
        "5m_1mo": {
          "signal": 0,
          "live": 0.6492,
          "SL": 0.60453,
          "TP": 0.69387
        },
        "15m_60d": {
          "signal": 0,
          "live": 0.6492,
          "SL": 0.60453,
          "TP": 0.69387
        },
        "1h_2y": {
          "signal": 0,
          "live": 0.6492,
          "SL": 0.60453,
          "TP": 0.69387
        },
        "1d_5y": {
          "signal": 0,
          "live": 0.6492,
          "SL": 0.59909,
          "TP": 0.69931
        }
      },
      "aggregated": "HOLD"
    },
    "USD/JPY": {
      "signals": {
        "1m_7d": {
          "signal": 0,
          "live": 150.4,
          "SL": 142.45323,
          "TP": 158.34677
        },
        "5m_1mo": {
          "signal": 0,
          "live": 150.4,
          "SL": 142.45323,
          "TP": 158.34677
        },
        "15m_60d": {
          "signal": 0,
          "live": 150.4,
          "SL": 142.45323,
          "TP": 158.34677
        },
        "1h_2y": {
          "signal": 0,
          "live": 150.4,
          "SL": 142.45323,
          "TP": 158.34677
        },
        "1d_5y": {
          "signal": 1,
          "live": 150.4,
          "SL": 142.44879,
          "TP": 158.35121
        }
      },
      "aggregated": "HOLD"
    }
  }
}