{
  "timestamp": "2025-10-29T22:20:54.248972+00:00",
  "pairs": {
    "USD/JPY": {
      "signals": {
        "1m_7d": {
          "signal": 1,
          "live": 152.67,
          "SL": 144.56801,
          "TP": 160.77199
        },
        "5m_1mo": {
          "signal": 1,
          "live": 152.67,
          "SL": 144.56464,
          "TP": 160.77536
        },
        "15m_60d": {
          "signal": 0,
          "live": 152.67,
          "SL": 144.59473,
          "TP": 160.74527
        },
        "1h_2y": {
          "signal": 1,
          "live": 152.67,
          "SL": 144.57501,
          "TP": 160.76499
        },
        "1d_5y": {
          "signal": 1,
          "live": 152.67,
          "SL": 144.58438,
          "TP": 160.75562
        }
      },
      "aggregated": "STRONG_LONG"
    },
    "GBP/USD": {
      "signals": {
        "1m_7d": {
          "signal": 0,
          "live": 1.319,
          "SL": 1.20107,
          "TP": 1.43693
        },
        "5m_1mo": {
          "signal": 0,
          "live": 1.319,
          "SL": 1.20091,
          "TP": 1.43709
        },
        "15m_60d": {
          "signal": 1,
          "live": 1.319,
          "SL": 1.2012,
          "TP": 1.4368
        },
        "1h_2y": {
          "signal": 1,
          "live": 1.319,
          "SL": 1.20089,
          "TP": 1.43711
        },
        "1d_5y": {
          "signal": 0,
          "live": 1.319,
          "SL": 1.20098,
          "TP": 1.43702
        }
      },
      "aggregated": "HOLD"
    },
    "AUD/USD": {
      "signals": {
        "1m_7d": {
          "signal": 1,
          "live": 0.6571,
          "SL": 0.57405,
          "TP": 0.74015
        },
        "5m_1mo": {
          "signal": 1,
          "live": 0.6571,
          "SL": 0.57383,
          "TP": 0.74037
        },
        "15m_60d": {
          "signal": 1,
          "live": 0.6571,
          "SL": 0.57394,
          "TP": 0.74026
        },
        "1h_2y": {
          "signal": 1,
          "live": 0.6571,
          "SL": 0.57388,
          "TP": 0.74032
        },
        "1d_5y": {
          "signal": 1,
          "live": 0.6571,
          "SL": 0.57401,
          "TP": 0.74019
        }
      },
      "aggregated": "STRONG_LONG"
    },
    "EUR/USD": {
      "signals": {
        "1m_7d": {
          "signal": 1,
          "live": 1.16,
          "SL": 1.0503,
          "TP": 1.2697
        },
        "5m_1mo": {
          "signal": 1,
          "live": 1.16,
          "SL": 1.05045,
          "TP": 1.26955
        },
        "15m_60d": {
          "signal": 1,
          "live": 1.16,
          "SL": 1.05048,
          "TP": 1.26952
        },
        "1h_2y": {
          "signal": 1,
          "live": 1.16,
          "SL": 1.05036,
          "TP": 1.26964
        },
        "1d_5y": {
          "signal": 1,
          "live": 1.16,
          "SL": 1.05047,
          "TP": 1.26953
        }
      },
      "aggregated": "STRONG_LONG"
    }
  }
}