{
  "timestamp": "2025-10-28T21:54:13.488588+00:00",
  "pairs": {
    "AUD/USD": {
      "signals": {
        "1m_7d": {
          "signal": 0,
          "live": 0.6583,
          "SL": 0.61323,
          "TP": 0.70337
        },
        "5m_1mo": {
          "signal": 1,
          "live": 0.6583,
          "SL": 0.61323,
          "TP": 0.70337
        },
        "15m_60d": {
          "signal": 1,
          "live": 0.6583,
          "SL": 0.61309,
          "TP": 0.70351
        },
        "1h_2y": {
          "signal": 0,
          "live": 0.6583,
          "SL": 0.61308,
          "TP": 0.70352
        },
        "1d_5y": {
          "signal": 1,
          "live": 0.6583,
          "SL": 0.6132,
          "TP": 0.7034
        }
      },
      "aggregated": "STRONG_LONG"
    },
    "USD/JPY": {
      "signals": {
        "1m_7d": {
          "signal": 1,
          "live": 152.11,
          "SL": 135.3107,
          "TP": 168.9093
        },
        "5m_1mo": {
          "signal": 1,
          "live": 152.11,
          "SL": 135.32693,
          "TP": 168.89307
        },
        "15m_60d": {
          "signal": 1,
          "live": 152.11,
          "SL": 135.33729,
          "TP": 168.88271
        },
        "1h_2y": {
          "signal": 1,
          "live": 152.11,
          "SL": 135.34427,
          "TP": 168.87573
        },
        "1d_5y": {
          "signal": 0,
          "live": 152.11,
          "SL": 135.33071,
          "TP": 168.88929
        }
      },
      "aggregated": "STRONG_LONG"
    },
    "EUR/USD": {
      "signals": {
        "1m_7d": {
          "signal": 1,
          "live": 1.165,
          "SL": 1.15179,
          "TP": 1.17821
        },
        "5m_1mo": {
          "signal": 1,
          "live": 1.165,
          "SL": 1.15163,
          "TP": 1.17837
        },
        "15m_60d": {
          "signal": 0,
          "live": 1.165,
          "SL": 1.15186,
          "TP": 1.17814
        },
        "1h_2y": {
          "signal": 1,
          "live": 1.165,
          "SL": 1.15173,
          "TP": 1.17827
        },
        "1d_5y": {
          "signal": 0,
          "live": 1.165,
          "SL": 1.152,
          "TP": 1.178
        }
      },
      "aggregated": "HOLD"
    },
    "GBP/USD": {
      "signals": {
        "1m_7d": {
          "signal": 0,
          "live": 1.327,
          "SL": 1.29104,
          "TP": 1.36296
        },
        "5m_1mo": {
          "signal": 1,
          "live": 1.327,
          "SL": 1.29136,
          "TP": 1.36264
        },
        "15m_60d": {
          "signal": 1,
          "live": 1.327,
          "SL": 1.29164,
          "TP": 1.36236
        },
        "1h_2y": {
          "signal": 1,
          "live": 1.327,
          "SL": 1.29154,
          "TP": 1.36246
        },
        "1d_5y": {
          "signal": 0,
          "live": 1.327,
          "SL": 1.29166,
          "TP": 1.36234
        }
      },
      "aggregated": "HOLD"
    }
  }
}