{
  "timestamp": "2025-10-30T05:24:56.202921+00:00",
  "pairs": {
    "USD/JPY": {
      "signals": {
        "1m_7d": {
          "signal": 0,
          "live": 152.86,
          "SL": 144.75708,
          "TP": 160.96292
        },
        "5m_1mo": {
          "signal": 1,
          "live": 152.86,
          "SL": 144.76661,
          "TP": 160.95339
        },
        "15m_60d": {
          "signal": 1,
          "live": 152.86,
          "SL": 144.75791,
          "TP": 160.96209
        },
        "1h_2y": {
          "signal": 1,
          "live": 152.86,
          "SL": 144.75772,
          "TP": 160.96228
        },
        "1d_5y": {
          "signal": 1,
          "live": 152.86,
          "SL": 144.77331,
          "TP": 160.94669
        }
      },
      "aggregated": "STRONG_LONG"
    },
    "GBP/USD": {
      "signals": {
        "1m_7d": {
          "signal": 1,
          "live": 1.321,
          "SL": 1.20297,
          "TP": 1.43903
        },
        "5m_1mo": {
          "signal": 1,
          "live": 1.321,
          "SL": 1.20308,
          "TP": 1.43892
        },
        "15m_60d": {
          "signal": 1,
          "live": 1.321,
          "SL": 1.20274,
          "TP": 1.43926
        },
        "1h_2y": {
          "signal": 1,
          "live": 1.321,
          "SL": 1.20298,
          "TP": 1.43902
        },
        "1d_5y": {
          "signal": 0,
          "live": 1.321,
          "SL": 1.20284,
          "TP": 1.43916
        }
      },
      "aggregated": "STRONG_LONG"
    },
    "AUD/USD": {
      "signals": {
        "1m_7d": {
          "signal": 1,
          "live": 0.6587,
          "SL": 0.5754,
          "TP": 0.742
        },
        "5m_1mo": {
          "signal": 1,
          "live": 0.6587,
          "SL": 0.57551,
          "TP": 0.74189
        },
        "15m_60d": {
          "signal": 1,
          "live": 0.6587,
          "SL": 0.57547,
          "TP": 0.74193
        },
        "1h_2y": {
          "signal": 1,
          "live": 0.6587,
          "SL": 0.57543,
          "TP": 0.74197
        },
        "1d_5y": {
          "signal": 1,
          "live": 0.6587,
          "SL": 0.57545,
          "TP": 0.74195
        }
      },
      "aggregated": "STRONG_LONG"
    },
    "EUR/USD": {
      "signals": {
        "1m_7d": {
          "signal": 0,
          "live": 1.162,
          "SL": 1.05237,
          "TP": 1.27163
        },
        "5m_1mo": {
          "signal": 1,
          "live": 1.162,
          "SL": 1.05226,
          "TP": 1.27174
        },
        "15m_60d": {
          "signal": 0,
          "live": 1.162,
          "SL": 1.05233,
          "TP": 1.27167
        },
        "1h_2y": {
          "signal": 1,
          "live": 1.162,
          "SL": 1.05218,
          "TP": 1.27182
        },
        "1d_5y": {
          "signal": 1,
          "live": 1.162,
          "SL": 1.05238,
          "TP": 1.27162
        }
      },
      "aggregated": "STRONG_LONG"
    }
  }
}