{
  "timestamp": "2025-11-03T20:05:56.248140+00:00",
  "pairs": {
    "EUR/USD": {
      "signals": {
        "1m_7d": {
          "signal": 0,
          "live": 1.152,
          "SL": 1.04969,
          "TP": 1.25431
        },
        "5m_1mo": {
          "signal": 0,
          "live": 1.152,
          "SL": 1.04964,
          "TP": 1.25436
        },
        "15m_60d": {
          "signal": 0,
          "live": 1.152,
          "SL": 1.04955,
          "TP": 1.25445
        },
        "1h_2y": {
          "signal": 0,
          "live": 1.152,
          "SL": 1.04938,
          "TP": 1.25462
        },
        "1d_5y": {
          "signal": 0,
          "live": 1.152,
          "SL": 1.0496,
          "TP": 1.2544
        }
      },
      "aggregated": "STRONG_SHORT"
    },
    "USD/JPY": {
      "signals": {
        "1m_7d": {
          "signal": 0,
          "live": 154.18,
          "SL": 141.95986,
          "TP": 166.40014
        },
        "5m_1mo": {
          "signal": 1,
          "live": 154.18,
          "SL": 141.93806,
          "TP": 166.42194
        },
        "15m_60d": {
          "signal": 0,
          "live": 154.18,
          "SL": 141.946,
          "TP": 166.414
        },
        "1h_2y": {
          "signal": 1,
          "live": 154.18,
          "SL": 141.90572,
          "TP": 166.45428
        },
        "1d_5y": {
          "signal": 0,
          "live": 154.18,
          "SL": 141.93728,
          "TP": 166.42272
        }
      },
      "aggregated": "STRONG_SHORT"
    },
    "GBP/USD": {
      "signals": {
        "1m_7d": {
          "signal": 1,
          "live": 1.314,
          "SL": 1.22218,
          "TP": 1.40582
        },
        "5m_1mo": {
          "signal": 1,
          "live": 1.314,
          "SL": 1.22203,
          "TP": 1.40597
        },
        "15m_60d": {
          "signal": 1,
          "live": 1.314,
          "SL": 1.22207,
          "TP": 1.40593
        },
        "1h_2y": {
          "signal": 1,
          "live": 1.314,
          "SL": 1.22178,
          "TP": 1.40622
        },
        "1d_5y": {
          "signal": 0,
          "live": 1.314,
          "SL": 1.222,
          "TP": 1.406
        }
      },
      "aggregated": "STRONG_LONG"
    },
    "AUD/USD": {
      "signals": {
        "1m_7d": {
          "signal": 0,
          "live": 0.6539,
          "SL": 0.58553,
          "TP": 0.72227
        },
        "5m_1mo": {
          "signal": 1,
          "live": 0.6539,
          "SL": 0.58554,
          "TP": 0.72226
        },
        "15m_60d": {
          "signal": 1,
          "live": 0.6539,
          "SL": 0.58562,
          "TP": 0.72218
        },
        "1h_2y": {
          "signal": 1,
          "live": 0.6539,
          "SL": 0.58564,
          "TP": 0.72216
        },
        "1d_5y": {
          "signal": 0,
          "live": 0.6539,
          "SL": 0.58551,
          "TP": 0.72229
        }
      },
      "aggregated": "HOLD"
    }
  }
}