{
  "timestamp": "2025-10-23T21:13:39.028808+00:00",
  "pairs": {
    "EUR/USD": {
      "signals": {
        "1m_7d": {
          "signal": 1,
          "live": 1.161,
          "SL": 1.05826,
          "TP": 1.26374
        },
        "5m_1mo": {
          "signal": 1,
          "live": 1.161,
          "SL": 1.05832,
          "TP": 1.26368
        },
        "15m_60d": {
          "signal": 1,
          "live": 1.161,
          "SL": 1.0581,
          "TP": 1.2639
        },
        "1h_2y": {
          "signal": 0,
          "live": 1.161,
          "SL": 1.05829,
          "TP": 1.26371
        },
        "1d_5y": {
          "signal": 1,
          "live": 1.161,
          "SL": 1.05817,
          "TP": 1.26383
        }
      },
      "aggregated": "STRONG_LONG"
    },
    "USD/JPY": {
      "signals": {
        "1m_7d": {
          "signal": 1,
          "live": 152.58,
          "SL": 144.432,
          "TP": 160.728
        },
        "5m_1mo": {
          "signal": 1,
          "live": 152.58,
          "SL": 144.48143,
          "TP": 160.67857
        },
        "15m_60d": {
          "signal": 1,
          "live": 152.58,
          "SL": 144.47346,
          "TP": 160.68654
        },
        "1h_2y": {
          "signal": 1,
          "live": 152.58,
          "SL": 144.47141,
          "TP": 160.68859
        },
        "1d_5y": {
          "signal": 0,
          "live": 152.58,
          "SL": 144.46306,
          "TP": 160.69694
        }
      },
      "aggregated": "STRONG_LONG"
    },
    "AUD/USD": {
      "signals": {
        "1m_7d": {
          "signal": 0,
          "live": 0.6509,
          "SL": 0.60232,
          "TP": 0.69948
        },
        "5m_1mo": {
          "signal": 0,
          "live": 0.6509,
          "SL": 0.60227,
          "TP": 0.69953
        },
        "15m_60d": {
          "signal": 0,
          "live": 0.6509,
          "SL": 0.60234,
          "TP": 0.69946
        },
        "1h_2y": {
          "signal": 0,
          "live": 0.6509,
          "SL": 0.60239,
          "TP": 0.69941
        },
        "1d_5y": {
          "signal": 0,
          "live": 0.6509,
          "SL": 0.60237,
          "TP": 0.69943
        }
      },
      "aggregated": "STRONG_SHORT"
    },
    "GBP/USD": {
      "signals": {
        "1m_7d": {
          "signal": 0,
          "live": 1.332,
          "SL": 1.21088,
          "TP": 1.45312
        },
        "5m_1mo": {
          "signal": 1,
          "live": 1.332,
          "SL": 1.21112,
          "TP": 1.45288
        },
        "15m_60d": {
          "signal": 1,
          "live": 1.332,
          "SL": 1.21081,
          "TP": 1.45319
        },
        "1h_2y": {
          "signal": 0,
          "live": 1.332,
          "SL": 1.21073,
          "TP": 1.45327
        },
        "1d_5y": {
          "signal": 1,
          "live": 1.332,
          "SL": 1.21105,
          "TP": 1.45295
        }
      },
      "aggregated": "STRONG_LONG"
    }
  }
}