{
  "total_updates": 1,
  "total_trades": 100,
  "profitable_trades": 29,
  "total_pnl": -2.0602491580063433,
  "win_rate": 0.29,
  "avg_reward": -46.54902231891957,
  "epsilon_history": [
    0.995
  ],
  "loss_history": [],
  "q_value_history": [
    0.39309546124448635
  ]
}