{
  "total_updates": 16,
  "total_trades": 6,
  "profitable_trades": 5,
  "total_pnl": -0.1840245443241797,
  "win_rate": 0.8333333333333334,
  "avg_reward": 66.56320541407247,
  "epsilon_history": [
    0.7,
    0.7,
    0.7,
    0.7,
    0.7,
    0.7,
    0.7,
    0.7,
    0.7,
    0.7,
    0.7,
    0.7,
    0.7,
    0.7,
    0.7,
    0.7
  ],
  "q_value_history": [
    0.06403906310040923,
    0.07353244037363814,
    0.08580656738914871,
    0.09307775430886293,
    0.12114110721946143,
    0.15275343971591238,
    0.17853554145345618,
    0.1840700471885539,
    0.19785454946837197,
    0.23279713667193014,
    0.2473721616785418,
    17908876901.697693,
    20122111788.59853,
    0.36134156892235597,
    0.4084338288689608,
    0.478701310956571
  ],
  "pipeline_trades_learned": 0,
  "pipeline_v6_learned": 673,
  "live_validated": 6,
  "backtest_learned": 0,
  "total_learning_sources": 157,
  "rbed_milestones": [],
  "consecutive_losses": 0,
  "v20_1_archive": {
    "total_updates": 0,
    "total_trades": 0,
    "profitable_trades": 0,
    "total_pnl": 0.0,
    "win_rate": 0.0,
    "avg_reward": 0.0,
    "epsilon_history": [],
    "q_value_history": [],
    "pipeline_trades_learned": 0,
    "last_pipeline_sync": null,
    "rbed_milestones": [],
    "consecutive_losses": 0
  },
  "reset_date": "2025-11-27T19:59:18.243222+00:00",
  "reset_reason": "v20.2 Multi-Source Learning Upgrade"
}