{
  "timestamp": "2025-11-22T15:34:24.029035",
  "mode": "tagged",
  "duration": 5.351755380630493,
  "cells": [
    {
      "cell": 1,
      "duration": 2.1035029888153076,
      "status": "success",
      "output_blocks": 4
    },
    {
      "cell": 2,
      "duration": 0.9441142082214355,
      "status": "success",
      "output_blocks": 2
    }
  ],
  "total": 2,
  "successful": 2,
  "failed": 0
}