{
  "timestamp": "2025-11-22T15:47:20.772182",
  "mode": "tagged",
  "duration": 3.6404082775115967,
  "cells": [
    {
      "cell": 1,
      "duration": 1.0714070796966553,
      "status": "success",
      "output_blocks": 2
    },
    {
      "cell": 2,
      "duration": 0.9502532482147217,
      "status": "success",
      "output_blocks": 2
    }
  ],
  "total": 2,
  "successful": 2,
  "failed": 0
}