{
  "timestamp": "2025-11-22T15:41:02.979958",
  "mode": "tagged",
  "duration": 3.835496187210083,
  "cells": [
    {
      "cell": 1,
      "duration": 1.0912423133850098,
      "status": "success",
      "output_blocks": 2
    },
    {
      "cell": 2,
      "duration": 0.9899389743804932,
      "status": "success",
      "output_blocks": 2
    }
  ],
  "total": 2,
  "successful": 2,
  "failed": 0
}