{
  "timestamp": "2025-11-22T15:25:39.464702",
  "mode": "tagged",
  "duration": 5.063048839569092,
  "cells": [
    {
      "cell": 1,
      "duration": 2.166181802749634,
      "status": "success"
    },
    {
      "cell": 2,
      "duration": 1.012943983078003,
      "status": "success"
    }
  ],
  "total": 2,
  "successful": 2,
  "failed": 0
}