{
  "status": "no_data",
  "rl_memory_size": 88519,
  "rl_trades": 995,
  "rl_win_rate": 14.773869346733667,
  "rl_pnl": -33.350964673825565
}