{
  "status": "no_data",
  "rl_memory_size": 43615,
  "rl_trades": 586,
  "rl_win_rate": 14.505119453924914,
  "rl_pnl": -26.143775590001592
}