{
  "timestamp": "2025-11-21T16:23:31.392805+00:00",
  "iteration": 1,
  "pairs": {
    "EUR/USD": {
      "signals": {
        "15m": {
          "signal": 0,
          "sgd_pred": 0,
          "rf_pred": 0,
          "live": 1.1498217582702637,
          "SL": 1.14834,
          "TP": 1.1513,
          "confidence": 0.0,
          "timeframe": "15m"
        },
        "1d": {
          "signal": 0,
          "sgd_pred": 0,
          "rf_pred": 0,
          "live": 1.1527,
          "SL": 1.14145,
          "TP": 1.16395,
          "confidence": 0.0,
          "timeframe": "1d"
        },
        "1m": {
          "signal": 0,
          "sgd_pred": 0,
          "rf_pred": 0,
          "live": 1.1498217582702637,
          "SL": 1.14957,
          "TP": 1.15007,
          "confidence": 0.0,
          "timeframe": "1m"
        },
        "1h": {
          "signal": 0,
          "sgd_pred": 0,
          "rf_pred": 0,
          "live": 1.1498217582702637,
          "SL": 1.14729,
          "TP": 1.15235,
          "confidence": 0.0,
          "timeframe": "1h"
        },
        "5m": {
          "signal": 0,
          "sgd_pred": 0,
          "rf_pred": 0,
          "live": 1.1498217582702637,
          "SL": 1.14906,
          "TP": 1.15059,
          "confidence": 0.0,
          "timeframe": "5m"
        }
      },
      "aggregated": "SHORT"
    },
    "GBP/USD": {
      "signals": {
        "15m": {
          "signal": 0,
          "sgd_pred": 0,
          "rf_pred": 0,
          "live": 1.3076852560043335,
          "SL": 1.30586,
          "TP": 1.30951,
          "confidence": 0.0,
          "timeframe": "15m"
        },
        "1h": {
          "signal": 0,
          "sgd_pred": 0,
          "rf_pred": 0,
          "live": 1.3076852560043335,
          "SL": 1.30407,
          "TP": 1.3113,
          "confidence": 0.0,
          "timeframe": "1h"
        },
        "5m": {
          "signal": 1,
          "sgd_pred": 0,
          "rf_pred": 1,
          "live": 1.3076852560043335,
          "SL": 1.30671,
          "TP": 1.30866,
          "confidence": 0.5,
          "timeframe": "5m"
        },
        "1m": {
          "signal": 0,
          "sgd_pred": 0,
          "rf_pred": 0,
          "live": 1.3076852560043335,
          "SL": 1.30743,
          "TP": 1.30794,
          "confidence": 0.0,
          "timeframe": "1m"
        },
        "1d": {
          "signal": 1,
          "sgd_pred": 1,
          "rf_pred": 1,
          "live": 1.3076852560043335,
          "SL": 1.2904,
          "TP": 1.32497,
          "confidence": 1.0,
          "timeframe": "1d"
        }
      },
      "aggregated": "LONG"
    },
    "USD/JPY": {
      "signals": {
        "1d": {
          "signal": 0,
          "sgd_pred": 0,
          "rf_pred": 0,
          "live": 156.71800231933594,
          "SL": 154.15101,
          "TP": 159.28499,
          "confidence": 0.0,
          "timeframe": "1d"
        },
        "1h": {
          "signal": 1,
          "sgd_pred": 1,
          "rf_pred": 1,
          "live": 156.71200561523438,
          "SL": 156.14502,
          "TP": 157.27899,
          "confidence": 1.0,
          "timeframe": "1h"
        },
        "5m": {
          "signal": 1,
          "sgd_pred": 1,
          "rf_pred": 1,
          "live": 156.73500061035156,
          "SL": 156.44976,
          "TP": 157.02024,
          "confidence": 1.0,
          "timeframe": "5m"
        },
        "1m": {
          "signal": 1,
          "sgd_pred": 1,
          "rf_pred": 1,
          "live": 156.74200439453125,
          "SL": 156.6327,
          "TP": 156.85131,
          "confidence": 1.0,
          "timeframe": "1m"
        },
        "15m": {
          "signal": 1,
          "sgd_pred": 1,
          "rf_pred": 1,
          "live": 156.7239990234375,
          "SL": 156.34863,
          "TP": 157.09937,
          "confidence": 1.0,
          "timeframe": "15m"
        }
      },
      "aggregated": "LONG"
    },
    "AUD/USD": {
      "signals": {
        "1m": {
          "signal": 1,
          "sgd_pred": 1,
          "rf_pred": 1,
          "live": 0.6438320875167847,
          "SL": 0.64351,
          "TP": 0.64416,
          "confidence": 1.0,
          "timeframe": "1m"
        },
        "15m": {
          "signal": 1,
          "sgd_pred": 1,
          "rf_pred": 1,
          "live": 0.6438320875167847,
          "SL": 0.64264,
          "TP": 0.64502,
          "confidence": 1.0,
          "timeframe": "15m"
        },
        "1d": {
          "signal": 0,
          "sgd_pred": 0,
          "rf_pred": 0,
          "live": 0.6437,
          "SL": 0.63334,
          "TP": 0.65406,
          "confidence": 0.0,
          "timeframe": "1d"
        },
        "5m": {
          "signal": 1,
          "sgd_pred": 1,
          "rf_pred": 1,
          "live": 0.6438320875167847,
          "SL": 0.64322,
          "TP": 0.64445,
          "confidence": 1.0,
          "timeframe": "5m"
        },
        "1h": {
          "signal": 1,
          "sgd_pred": 1,
          "rf_pred": 1,
          "live": 0.6438320875167847,
          "SL": 0.64135,
          "TP": 0.64631,
          "confidence": 1.0,
          "timeframe": "1h"
        }
      },
      "aggregated": "SHORT"
    }
  },
  "database_stats": {
    "pending_trades": 0,
    "completed_trades": 0,
    "total_pnl": 0.0,
    "overall_accuracy": 0.0
  }
}