{
  "timestamp": "2025-11-18T08:16:54.774537+00:00",
  "iteration": 1,
  "pairs": {
    "EUR/USD": {
      "signals": {
        "15m": {
          "signal": 1,
          "sgd_pred": 1,
          "rf_pred": 1,
          "live": 1.1609008312225342,
          "SL": 1.16001,
          "TP": 1.16179,
          "confidence": 1.0,
          "timeframe": "15m"
        },
        "1d": {
          "signal": 0,
          "sgd_pred": 0,
          "rf_pred": 0,
          "live": 1.159,
          "SL": 1.14762,
          "TP": 1.17038,
          "confidence": 0.0,
          "timeframe": "1d"
        },
        "1m": {
          "signal": 1,
          "sgd_pred": 1,
          "rf_pred": 1,
          "live": 1.1609008312225342,
          "SL": 1.16073,
          "TP": 1.16107,
          "confidence": 1.0,
          "timeframe": "1m"
        },
        "1h": {
          "signal": 1,
          "sgd_pred": 1,
          "rf_pred": 1,
          "live": 1.1609008312225342,
          "SL": 1.15926,
          "TP": 1.16254,
          "confidence": 1.0,
          "timeframe": "1h"
        },
        "5m": {
          "signal": 0,
          "sgd_pred": 0,
          "rf_pred": 0,
          "live": 1.1609008312225342,
          "SL": 1.16039,
          "TP": 1.16141,
          "confidence": 0.0,
          "timeframe": "5m"
        }
      },
      "aggregated": "SHORT"
    },
    "GBP/USD": {
      "signals": {
        "15m": {
          "signal": 1,
          "sgd_pred": 1,
          "rf_pred": 1,
          "live": 1.3173668384552002,
          "SL": 1.31606,
          "TP": 1.31867,
          "confidence": 1.0,
          "timeframe": "15m"
        },
        "1h": {
          "signal": 1,
          "sgd_pred": 1,
          "rf_pred": 1,
          "live": 1.3173668384552002,
          "SL": 1.31475,
          "TP": 1.31999,
          "confidence": 1.0,
          "timeframe": "1h"
        },
        "5m": {
          "signal": 0,
          "sgd_pred": 0,
          "rf_pred": 0,
          "live": 1.3173668384552002,
          "SL": 1.31653,
          "TP": 1.3182,
          "confidence": 0.0,
          "timeframe": "5m"
        },
        "1m": {
          "signal": 0,
          "sgd_pred": 0,
          "rf_pred": 0,
          "live": 1.3173668384552002,
          "SL": 1.31697,
          "TP": 1.31776,
          "confidence": 0.0,
          "timeframe": "1m"
        },
        "1d": {
          "signal": 1,
          "sgd_pred": 1,
          "rf_pred": 1,
          "live": 1.3173668384552002,
          "SL": 1.30014,
          "TP": 1.33459,
          "confidence": 1.0,
          "timeframe": "1d"
        }
      },
      "aggregated": "LONG"
    },
    "USD/JPY": {
      "signals": {
        "1d": {
          "signal": 1,
          "sgd_pred": 1,
          "rf_pred": 1,
          "live": 154.92999267578125,
          "SL": 152.59622,
          "TP": 157.26377,
          "confidence": 1.0,
          "timeframe": "1d"
        },
        "1h": {
          "signal": 0,
          "sgd_pred": 0,
          "rf_pred": 0,
          "live": 154.93499755859375,
          "SL": 154.5575,
          "TP": 155.3125,
          "confidence": 0.0,
          "timeframe": "1h"
        },
        "5m": {
          "signal": 0,
          "sgd_pred": 0,
          "rf_pred": 0,
          "live": 154.92799377441406,
          "SL": 154.75307,
          "TP": 155.10292,
          "confidence": 0.0,
          "timeframe": "5m"
        },
        "1m": {
          "signal": 0,
          "sgd_pred": 0,
          "rf_pred": 0,
          "live": 154.92999267578125,
          "SL": 154.85248,
          "TP": 155.0075,
          "confidence": 0.0,
          "timeframe": "1m"
        },
        "15m": {
          "signal": 0,
          "sgd_pred": 0,
          "rf_pred": 0,
          "live": 154.92999267578125,
          "SL": 154.67887,
          "TP": 155.18112,
          "confidence": 0.0,
          "timeframe": "15m"
        }
      },
      "aggregated": "SHORT"
    },
    "AUD/USD": {
      "signals": {
        "1m": {
          "signal": 0,
          "sgd_pred": 0,
          "rf_pred": 0,
          "live": 0.649645984172821,
          "SL": 0.64942,
          "TP": 0.64987,
          "confidence": 0.0,
          "timeframe": "1m"
        },
        "15m": {
          "signal": 1,
          "sgd_pred": 1,
          "rf_pred": 1,
          "live": 0.649645984172821,
          "SL": 0.64882,
          "TP": 0.65048,
          "confidence": 1.0,
          "timeframe": "15m"
        },
        "1d": {
          "signal": 0,
          "sgd_pred": 0,
          "rf_pred": 0,
          "live": 0.6492,
          "SL": 0.63935,
          "TP": 0.65905,
          "confidence": 0.0,
          "timeframe": "1d"
        },
        "5m": {
          "signal": 0,
          "sgd_pred": 0,
          "rf_pred": 0,
          "live": 0.649645984172821,
          "SL": 0.64926,
          "TP": 0.65004,
          "confidence": 0.0,
          "timeframe": "5m"
        },
        "1h": {
          "signal": 1,
          "sgd_pred": 1,
          "rf_pred": 1,
          "live": 0.649645984172821,
          "SL": 0.64781,
          "TP": 0.65148,
          "confidence": 1.0,
          "timeframe": "1h"
        }
      },
      "aggregated": "SHORT"
    }
  },
  "database_stats": {
    "pending_trades": 0,
    "completed_trades": 0,
    "total_pnl": 0.0,
    "overall_accuracy": 0.0
  }
}