{
  "timestamp": "2025-11-18T22:43:43.282066+00:00",
  "iteration": 1,
  "pairs": {
    "EUR/USD": {
      "signals": {
        "1m": {
          "signal": 0,
          "sgd_pred": 0,
          "rf_pred": 0,
          "live": 1.1583458185195925,
          "SL": 1.15812,
          "TP": 1.15857,
          "confidence": 0.0,
          "timeframe": "1m"
        },
        "1d": {
          "signal": 0,
          "sgd_pred": 0,
          "rf_pred": 0,
          "live": 1.159,
          "SL": 1.14762,
          "TP": 1.17038,
          "confidence": 0.0,
          "timeframe": "1d"
        },
        "5m": {
          "signal": 0,
          "sgd_pred": 0,
          "rf_pred": 0,
          "live": 1.1583458185195925,
          "SL": 1.15787,
          "TP": 1.15882,
          "confidence": 0.0,
          "timeframe": "5m"
        },
        "15m": {
          "signal": 0,
          "sgd_pred": 0,
          "rf_pred": 0,
          "live": 1.1583458185195925,
          "SL": 1.15752,
          "TP": 1.15917,
          "confidence": 0.0,
          "timeframe": "15m"
        },
        "1h": {
          "signal": 0,
          "sgd_pred": 0,
          "rf_pred": 0,
          "live": 1.1583458185195925,
          "SL": 1.15654,
          "TP": 1.16015,
          "confidence": 0.0,
          "timeframe": "1h"
        }
      },
      "aggregated": "SHORT"
    },
    "USD/JPY": {
      "signals": {
        "1d": {
          "signal": 1,
          "sgd_pred": 1,
          "rf_pred": 1,
          "live": 155.5,
          "SL": 153.3333,
          "TP": 157.6667,
          "confidence": 1.0,
          "timeframe": "1d"
        },
        "1m": {
          "signal": 0,
          "sgd_pred": 0,
          "rf_pred": 0,
          "live": 155.447998046875,
          "SL": 155.38617,
          "TP": 155.50983,
          "confidence": 0.0,
          "timeframe": "1m"
        },
        "5m": {
          "signal": 0,
          "sgd_pred": 0,
          "rf_pred": 0,
          "live": 155.46600341796875,
          "SL": 155.38203,
          "TP": 155.54998,
          "confidence": 0.0,
          "timeframe": "5m"
        },
        "1h": {
          "signal": 0,
          "sgd_pred": 0,
          "rf_pred": 0,
          "live": 155.447998046875,
          "SL": 155.08545,
          "TP": 155.81055,
          "confidence": 0.0,
          "timeframe": "1h"
        },
        "15m": {
          "signal": 1,
          "sgd_pred": 1,
          "rf_pred": 1,
          "live": 155.447998046875,
          "SL": 155.29624,
          "TP": 155.59976,
          "confidence": 1.0,
          "timeframe": "15m"
        }
      },
      "aggregated": "LONG"
    },
    "AUD/USD": {
      "signals": {
        "1d": {
          "signal": 0,
          "sgd_pred": 0,
          "rf_pred": 0,
          "live": 0.6508721709251404,
          "SL": 0.64087,
          "TP": 0.66087,
          "confidence": 0.0,
          "timeframe": "1d"
        },
        "5m": {
          "signal": 0,
          "sgd_pred": 0,
          "rf_pred": 0,
          "live": 0.6508721709251404,
          "SL": 0.65064,
          "TP": 0.6511,
          "confidence": 0.0,
          "timeframe": "5m"
        },
        "1h": {
          "signal": 0,
          "sgd_pred": 0,
          "rf_pred": 0,
          "live": 0.6508721709251404,
          "SL": 0.64905,
          "TP": 0.6527,
          "confidence": 0.0,
          "timeframe": "1h"
        },
        "1m": {
          "signal": 0,
          "sgd_pred": 0,
          "rf_pred": 0,
          "live": 0.6508721709251404,
          "SL": 0.65077,
          "TP": 0.65097,
          "confidence": 0.0,
          "timeframe": "1m"
        },
        "15m": {
          "signal": 0,
          "sgd_pred": 0,
          "rf_pred": 0,
          "live": 0.6508721709251404,
          "SL": 0.65022,
          "TP": 0.65152,
          "confidence": 0.0,
          "timeframe": "15m"
        }
      },
      "aggregated": "SHORT"
    },
    "GBP/USD": {
      "signals": {
        "1d": {
          "signal": 0,
          "sgd_pred": 0,
          "rf_pred": 0,
          "live": 1.314941644668579,
          "SL": 1.29757,
          "TP": 1.33231,
          "confidence": 0.0,
          "timeframe": "1d"
        },
        "15m": {
          "signal": 1,
          "sgd_pred": 1,
          "rf_pred": 0,
          "live": 1.314941644668579,
          "SL": 1.31397,
          "TP": 1.31591,
          "confidence": 0.5,
          "timeframe": "15m"
        },
        "1m": {
          "signal": 1,
          "sgd_pred": 1,
          "rf_pred": 1,
          "live": 1.314941644668579,
          "SL": 1.31476,
          "TP": 1.31513,
          "confidence": 1.0,
          "timeframe": "1m"
        },
        "5m": {
          "signal": 1,
          "sgd_pred": 1,
          "rf_pred": 1,
          "live": 1.314941644668579,
          "SL": 1.31453,
          "TP": 1.31535,
          "confidence": 1.0,
          "timeframe": "5m"
        },
        "1h": {
          "signal": 1,
          "sgd_pred": 1,
          "rf_pred": 1,
          "live": 1.314941644668579,
          "SL": 1.31242,
          "TP": 1.31746,
          "confidence": 1.0,
          "timeframe": "1h"
        }
      },
      "aggregated": "SHORT"
    }
  },
  "database_stats": {
    "pending_trades": 0,
    "completed_trades": 0,
    "total_pnl": 0.0,
    "overall_accuracy": 0.0
  }
}