{
  "timestamp": "2025-11-19T22:29:44.735056+00:00",
  "iteration": 1,
  "pairs": {
    "GBP/USD": {
      "signals": {
        "1d": {
          "signal": 0,
          "sgd_pred": 0,
          "rf_pred": 0,
          "live": 1.3056,
          "SL": 1.28883,
          "TP": 1.32237,
          "confidence": 0.0,
          "timeframe": "1d"
        },
        "15m": {
          "signal": 0,
          "sgd_pred": 0,
          "rf_pred": 0,
          "live": 1.3060115575790403,
          "SL": 1.30479,
          "TP": 1.30724,
          "confidence": 0.0,
          "timeframe": "15m"
        },
        "1m": {
          "signal": 1,
          "sgd_pred": 1,
          "rf_pred": 0,
          "live": 1.3060115575790403,
          "SL": 1.30588,
          "TP": 1.30614,
          "confidence": 0.5,
          "timeframe": "1m"
        },
        "1h": {
          "signal": 1,
          "sgd_pred": 1,
          "rf_pred": 1,
          "live": 1.3060115575790403,
          "SL": 1.30289,
          "TP": 1.30913,
          "confidence": 1.0,
          "timeframe": "1h"
        },
        "5m": {
          "signal": 0,
          "sgd_pred": 0,
          "rf_pred": 0,
          "live": 1.3060115575790403,
          "SL": 1.30554,
          "TP": 1.30648,
          "confidence": 0.0,
          "timeframe": "5m"
        }
      },
      "aggregated": "SHORT"
    },
    "USD/JPY": {
      "signals": {
        "1d": {
          "signal": 1,
          "sgd_pred": 1,
          "rf_pred": 1,
          "live": 157.09300231933594,
          "SL": 154.62782,
          "TP": 159.55818,
          "confidence": 1.0,
          "timeframe": "1d"
        },
        "1m": {
          "signal": 1,
          "sgd_pred": 1,
          "rf_pred": 0,
          "live": 157.09300231933594,
          "SL": 157.05191,
          "TP": 157.13409,
          "confidence": 0.5,
          "timeframe": "1m"
        },
        "1h": {
          "signal": 0,
          "sgd_pred": 0,
          "rf_pred": 0,
          "live": 157.09300231933594,
          "SL": 156.67094,
          "TP": 157.51507,
          "confidence": 0.0,
          "timeframe": "1h"
        },
        "5m": {
          "signal": 0,
          "sgd_pred": 0,
          "rf_pred": 0,
          "live": 157.0919952392578,
          "SL": 156.98951,
          "TP": 157.19448,
          "confidence": 0.0,
          "timeframe": "5m"
        },
        "15m": {
          "signal": 1,
          "sgd_pred": 1,
          "rf_pred": 1,
          "live": 157.09300231933594,
          "SL": 156.89573,
          "TP": 157.29027,
          "confidence": 1.0,
          "timeframe": "15m"
        }
      },
      "aggregated": "LONG"
    },
    "EUR/USD": {
      "signals": {
        "5m": {
          "signal": 1,
          "sgd_pred": 0,
          "rf_pred": 1,
          "live": 1.154334545135498,
          "SL": 1.15393,
          "TP": 1.15474,
          "confidence": 0.5,
          "timeframe": "5m"
        },
        "1m": {
          "signal": 1,
          "sgd_pred": 1,
          "rf_pred": 1,
          "live": 1.154334545135498,
          "SL": 1.1542,
          "TP": 1.15447,
          "confidence": 1.0,
          "timeframe": "1m"
        },
        "1d": {
          "signal": 0,
          "sgd_pred": 0,
          "rf_pred": 0,
          "live": 1.1579,
          "SL": 1.1468,
          "TP": 1.169,
          "confidence": 0.0,
          "timeframe": "1d"
        },
        "1h": {
          "signal": 1,
          "sgd_pred": 1,
          "rf_pred": 1,
          "live": 1.154334545135498,
          "SL": 1.15213,
          "TP": 1.15654,
          "confidence": 1.0,
          "timeframe": "1h"
        },
        "15m": {
          "signal": 1,
          "sgd_pred": 1,
          "rf_pred": 1,
          "live": 1.154334545135498,
          "SL": 1.15339,
          "TP": 1.15528,
          "confidence": 1.0,
          "timeframe": "15m"
        }
      },
      "aggregated": "LONG"
    },
    "AUD/USD": {
      "signals": {
        "1m": {
          "signal": 1,
          "sgd_pred": 0,
          "rf_pred": 1,
          "live": 0.6482141613960266,
          "SL": 0.64806,
          "TP": 0.64837,
          "confidence": 0.5,
          "timeframe": "1m"
        },
        "5m": {
          "signal": 1,
          "sgd_pred": 1,
          "rf_pred": 1,
          "live": 0.6482141613960266,
          "SL": 0.64787,
          "TP": 0.64856,
          "confidence": 1.0,
          "timeframe": "5m"
        },
        "1h": {
          "signal": 1,
          "sgd_pred": 1,
          "rf_pred": 1,
          "live": 0.6482141613960266,
          "SL": 0.64627,
          "TP": 0.65016,
          "confidence": 1.0,
          "timeframe": "1h"
        },
        "15m": {
          "signal": 1,
          "sgd_pred": 1,
          "rf_pred": 1,
          "live": 0.6482141613960266,
          "SL": 0.64739,
          "TP": 0.64903,
          "confidence": 1.0,
          "timeframe": "15m"
        },
        "1d": {
          "signal": 0,
          "sgd_pred": 0,
          "rf_pred": 0,
          "live": 0.6482141613960266,
          "SL": 0.63805,
          "TP": 0.65838,
          "confidence": 0.0,
          "timeframe": "1d"
        }
      },
      "aggregated": "SHORT"
    }
  },
  "database_stats": {
    "pending_trades": 0,
    "completed_trades": 0,
    "total_pnl": 0.0,
    "overall_accuracy": 0.0
  }
}