{
  "timestamp": "2025-11-20T19:25:25.329366+00:00",
  "iteration": 1,
  "pairs": {
    "GBP/USD": {
      "signals": {
        "1d": {
          "signal": 0,
          "sgd_pred": 0,
          "rf_pred": 0,
          "live": 1.3056,
          "SL": 1.28883,
          "TP": 1.32237,
          "confidence": 0.0,
          "timeframe": "1d"
        },
        "1m": {
          "signal": 1,
          "sgd_pred": 1,
          "rf_pred": 0,
          "live": 1.3086607456207275,
          "SL": 1.30845,
          "TP": 1.30888,
          "confidence": 0.5,
          "timeframe": "1m"
        },
        "15m": {
          "signal": 1,
          "sgd_pred": 1,
          "rf_pred": 1,
          "live": 1.3086607456207275,
          "SL": 1.30694,
          "TP": 1.31038,
          "confidence": 1.0,
          "timeframe": "15m"
        },
        "5m": {
          "signal": 1,
          "sgd_pred": 1,
          "rf_pred": 1,
          "live": 1.3086607456207275,
          "SL": 1.3079,
          "TP": 1.30942,
          "confidence": 1.0,
          "timeframe": "5m"
        },
        "1h": {
          "signal": 1,
          "sgd_pred": 1,
          "rf_pred": 1,
          "live": 1.3086607456207275,
          "SL": 1.30511,
          "TP": 1.31221,
          "confidence": 1.0,
          "timeframe": "1h"
        }
      },
      "aggregated": "SHORT"
    },
    "EUR/USD": {
      "signals": {
        "15m": {
          "signal": 1,
          "sgd_pred": 1,
          "rf_pred": 1,
          "live": 1.154334545135498,
          "SL": 1.15325,
          "TP": 1.15542,
          "confidence": 1.0,
          "timeframe": "15m"
        },
        "1d": {
          "signal": 0,
          "sgd_pred": 0,
          "rf_pred": 0,
          "live": 1.1536,
          "SL": 1.14215,
          "TP": 1.16505,
          "confidence": 0.0,
          "timeframe": "1d"
        },
        "5m": {
          "signal": 1,
          "sgd_pred": 1,
          "rf_pred": 1,
          "live": 1.154334545135498,
          "SL": 1.15388,
          "TP": 1.15479,
          "confidence": 1.0,
          "timeframe": "5m"
        },
        "1h": {
          "signal": 1,
          "sgd_pred": 1,
          "rf_pred": 1,
          "live": 1.154334545135498,
          "SL": 1.15213,
          "TP": 1.15654,
          "confidence": 1.0,
          "timeframe": "1h"
        },
        "1m": {
          "signal": 1,
          "sgd_pred": 1,
          "rf_pred": 1,
          "live": 1.154334545135498,
          "SL": 1.15425,
          "TP": 1.15442,
          "confidence": 1.0,
          "timeframe": "1m"
        }
      },
      "aggregated": "LONG"
    },
    "USD/JPY": {
      "signals": {
        "1d": {
          "signal": 1,
          "sgd_pred": 1,
          "rf_pred": 1,
          "live": 157.46499633789062,
          "SL": 154.90737,
          "TP": 160.02262,
          "confidence": 1.0,
          "timeframe": "1d"
        },
        "1h": {
          "signal": 1,
          "sgd_pred": 1,
          "rf_pred": 1,
          "live": 157.46099853515625,
          "SL": 156.92034,
          "TP": 158.00165,
          "confidence": 1.0,
          "timeframe": "1h"
        },
        "15m": {
          "signal": 0,
          "sgd_pred": 0,
          "rf_pred": 0,
          "live": 157.46200561523438,
          "SL": 157.1316,
          "TP": 157.79241,
          "confidence": 0.0,
          "timeframe": "15m"
        },
        "1m": {
          "signal": 0,
          "sgd_pred": 0,
          "rf_pred": 0,
          "live": 157.46800231933594,
          "SL": 157.40662,
          "TP": 157.52939,
          "confidence": 0.0,
          "timeframe": "1m"
        },
        "5m": {
          "signal": 0,
          "sgd_pred": 0,
          "rf_pred": 0,
          "live": 157.46099853515625,
          "SL": 157.2973,
          "TP": 157.62469,
          "confidence": 0.0,
          "timeframe": "5m"
        }
      },
      "aggregated": "LONG"
    },
    "AUD/USD": {
      "signals": {
        "1d": {
          "signal": 0,
          "sgd_pred": 0,
          "rf_pred": 0,
          "live": 0.6477,
          "SL": 0.63759,
          "TP": 0.65781,
          "confidence": 0.0,
          "timeframe": "1d"
        },
        "15m": {
          "signal": 1,
          "sgd_pred": 1,
          "rf_pred": 1,
          "live": 0.6452445387840271,
          "SL": 0.64388,
          "TP": 0.64661,
          "confidence": 1.0,
          "timeframe": "15m"
        },
        "5m": {
          "signal": 1,
          "sgd_pred": 1,
          "rf_pred": 1,
          "live": 0.6452445387840271,
          "SL": 0.64464,
          "TP": 0.64585,
          "confidence": 1.0,
          "timeframe": "5m"
        },
        "1m": {
          "signal": 0,
          "sgd_pred": 0,
          "rf_pred": 0,
          "live": 0.6452445387840271,
          "SL": 0.64497,
          "TP": 0.64552,
          "confidence": 0.0,
          "timeframe": "1m"
        },
        "1h": {
          "signal": 1,
          "sgd_pred": 1,
          "rf_pred": 1,
          "live": 0.6452445387840271,
          "SL": 0.64281,
          "TP": 0.64768,
          "confidence": 1.0,
          "timeframe": "1h"
        }
      },
      "aggregated": "SHORT"
    }
  },
  "database_stats": {
    "pending_trades": 0,
    "completed_trades": 0,
    "total_pnl": 0.0,
    "overall_accuracy": 0.0
  }
}