{
  "timestamp": "2025-11-17T21:06:15.348007+00:00",
  "iteration": 1,
  "pairs": {
    "EUR/USD": {
      "signals": {
        "1h": {
          "signal": 1,
          "sgd_pred": 1,
          "rf_pred": 0,
          "live": 1.159151554107666,
          "SL": 1.15745,
          "TP": 1.16085,
          "confidence": 0.5,
          "timeframe": "1h"
        },
        "15m": {
          "signal": 0,
          "sgd_pred": 0,
          "rf_pred": 0,
          "live": 1.159151554107666,
          "SL": 1.15842,
          "TP": 1.15989,
          "confidence": 0.0,
          "timeframe": "15m"
        },
        "1d": {
          "signal": 0,
          "sgd_pred": 0,
          "rf_pred": 0,
          "live": 1.159151554107666,
          "SL": 1.14659,
          "TP": 1.17171,
          "confidence": 0.0,
          "timeframe": "1d"
        },
        "1m": {
          "signal": 1,
          "sgd_pred": 1,
          "rf_pred": 0,
          "live": 1.159151554107666,
          "SL": 1.15909,
          "TP": 1.15921,
          "confidence": 0.5,
          "timeframe": "1m"
        },
        "5m": {
          "signal": 0,
          "sgd_pred": 0,
          "rf_pred": 0,
          "live": 1.159151554107666,
          "SL": 1.15881,
          "TP": 1.15949,
          "confidence": 0.0,
          "timeframe": "5m"
        }
      },
      "aggregated": "SHORT"
    },
    "AUD/USD": {
      "signals": {
        "1d": {
          "signal": 1,
          "sgd_pred": 1,
          "rf_pred": 1,
          "live": 0.6536,
          "SL": 0.64387,
          "TP": 0.66333,
          "confidence": 1.0,
          "timeframe": "1d"
        },
        "1h": {
          "signal": 0,
          "sgd_pred": 0,
          "rf_pred": 0,
          "live": 0.649350643157959,
          "SL": 0.64759,
          "TP": 0.65111,
          "confidence": 0.0,
          "timeframe": "1h"
        },
        "15m": {
          "signal": 0,
          "sgd_pred": 0,
          "rf_pred": 0,
          "live": 0.649350643157959,
          "SL": 0.64862,
          "TP": 0.65008,
          "confidence": 0.0,
          "timeframe": "15m"
        },
        "5m": {
          "signal": 0,
          "sgd_pred": 0,
          "rf_pred": 0,
          "live": 0.649350643157959,
          "SL": 0.649,
          "TP": 0.6497,
          "confidence": 0.0,
          "timeframe": "5m"
        },
        "1m": {
          "signal": 0,
          "sgd_pred": 0,
          "rf_pred": 0,
          "live": 0.649350643157959,
          "SL": 0.64918,
          "TP": 0.64953,
          "confidence": 0.0,
          "timeframe": "1m"
        }
      },
      "aggregated": "SHORT"
    },
    "GBP/USD": {
      "signals": {
        "5m": {
          "signal": 1,
          "sgd_pred": 1,
          "rf_pred": 1,
          "live": 1.315598964691162,
          "SL": 1.31507,
          "TP": 1.31613,
          "confidence": 1.0,
          "timeframe": "5m"
        },
        "1d": {
          "signal": 0,
          "sgd_pred": 0,
          "rf_pred": 0,
          "live": 1.3168,
          "SL": 1.2996,
          "TP": 1.334,
          "confidence": 0.0,
          "timeframe": "1d"
        },
        "15m": {
          "signal": 1,
          "sgd_pred": 0,
          "rf_pred": 1,
          "live": 1.315598964691162,
          "SL": 1.31439,
          "TP": 1.31681,
          "confidence": 0.5,
          "timeframe": "15m"
        },
        "1m": {
          "signal": 0,
          "sgd_pred": 0,
          "rf_pred": 0,
          "live": 1.3155817985534668,
          "SL": 1.31546,
          "TP": 1.3157,
          "confidence": 0.0,
          "timeframe": "1m"
        },
        "1h": {
          "signal": 1,
          "sgd_pred": 1,
          "rf_pred": 1,
          "live": 1.315598964691162,
          "SL": 1.3127,
          "TP": 1.3185,
          "confidence": 1.0,
          "timeframe": "1h"
        }
      },
      "aggregated": "LONG"
    },
    "USD/JPY": {
      "signals": {
        "1h": {
          "signal": 0,
          "sgd_pred": 0,
          "rf_pred": 0,
          "live": 155.22000122070312,
          "SL": 154.9153,
          "TP": 155.52471,
          "confidence": 0.0,
          "timeframe": "1h"
        },
        "1d": {
          "signal": 1,
          "sgd_pred": 1,
          "rf_pred": 1,
          "live": 155.2209930419922,
          "SL": 152.81328,
          "TP": 157.62871,
          "confidence": 1.0,
          "timeframe": "1d"
        },
        "15m": {
          "signal": 0,
          "sgd_pred": 0,
          "rf_pred": 0,
          "live": 155.2209930419922,
          "SL": 155.07514,
          "TP": 155.36685,
          "confidence": 0.0,
          "timeframe": "15m"
        },
        "5m": {
          "signal": 1,
          "sgd_pred": 1,
          "rf_pred": 0,
          "live": 155.2209930419922,
          "SL": 155.14157,
          "TP": 155.30041,
          "confidence": 0.5,
          "timeframe": "5m"
        },
        "1m": {
          "signal": 0,
          "sgd_pred": 0,
          "rf_pred": 0,
          "live": 155.2209930419922,
          "SL": 155.18444,
          "TP": 155.25754,
          "confidence": 0.0,
          "timeframe": "1m"
        }
      },
      "aggregated": "SHORT"
    }
  },
  "database_stats": {
    "pending_trades": 0,
    "completed_trades": 0,
    "total_pnl": 0.0,
    "overall_accuracy": 0.0
  }
}