{
  "timestamp": "2025-11-19T19:38:44.426331+00:00",
  "iteration": 1,
  "pairs": {
    "EUR/USD": {
      "signals": {
        "15m": {
          "signal": 1,
          "sgd_pred": 1,
          "rf_pred": 1,
          "live": 1.1528706550598145,
          "SL": 1.15173,
          "TP": 1.15401,
          "confidence": 1.0,
          "timeframe": "15m"
        },
        "1d": {
          "signal": 0,
          "sgd_pred": 0,
          "rf_pred": 0,
          "live": 1.1579,
          "SL": 1.1468,
          "TP": 1.169,
          "confidence": 0.0,
          "timeframe": "1d"
        },
        "1m": {
          "signal": 0,
          "sgd_pred": 0,
          "rf_pred": 0,
          "live": 1.1528706550598145,
          "SL": 1.15269,
          "TP": 1.15305,
          "confidence": 0.0,
          "timeframe": "1m"
        },
        "1h": {
          "signal": 0,
          "sgd_pred": 0,
          "rf_pred": 0,
          "live": 1.1528706550598145,
          "SL": 1.15056,
          "TP": 1.15518,
          "confidence": 0.0,
          "timeframe": "1h"
        },
        "5m": {
          "signal": 0,
          "sgd_pred": 0,
          "rf_pred": 0,
          "live": 1.1528706550598145,
          "SL": 1.15235,
          "TP": 1.15339,
          "confidence": 0.0,
          "timeframe": "5m"
        }
      },
      "aggregated": "SHORT"
    },
    "GBP/USD": {
      "signals": {
        "15m": {
          "signal": 1,
          "sgd_pred": 1,
          "rf_pred": 1,
          "live": 1.3053126335144043,
          "SL": 1.30372,
          "TP": 1.3069,
          "confidence": 1.0,
          "timeframe": "15m"
        },
        "1h": {
          "signal": 0,
          "sgd_pred": 0,
          "rf_pred": 0,
          "live": 1.3053126335144043,
          "SL": 1.30204,
          "TP": 1.30859,
          "confidence": 0.0,
          "timeframe": "1h"
        },
        "5m": {
          "signal": 0,
          "sgd_pred": 0,
          "rf_pred": 0,
          "live": 1.3053126335144043,
          "SL": 1.30464,
          "TP": 1.30598,
          "confidence": 0.0,
          "timeframe": "5m"
        },
        "1m": {
          "signal": 0,
          "sgd_pred": 0,
          "rf_pred": 0,
          "live": 1.3053126335144043,
          "SL": 1.30515,
          "TP": 1.30548,
          "confidence": 0.0,
          "timeframe": "1m"
        },
        "1d": {
          "signal": 0,
          "sgd_pred": 0,
          "rf_pred": 0,
          "live": 1.3053126335144043,
          "SL": 1.28773,
          "TP": 1.3229,
          "confidence": 0.0,
          "timeframe": "1d"
        }
      },
      "aggregated": "SHORT"
    },
    "USD/JPY": {
      "signals": {
        "1d": {
          "signal": 1,
          "sgd_pred": 1,
          "rf_pred": 1,
          "live": 156.91000366210938,
          "SL": 154.48111,
          "TP": 159.3389,
          "confidence": 1.0,
          "timeframe": "1d"
        },
        "1h": {
          "signal": 1,
          "sgd_pred": 1,
          "rf_pred": 1,
          "live": 156.91400146484375,
          "SL": 156.4811,
          "TP": 157.3469,
          "confidence": 1.0,
          "timeframe": "1h"
        },
        "5m": {
          "signal": 1,
          "sgd_pred": 1,
          "rf_pred": 1,
          "live": 156.90899658203125,
          "SL": 156.78484,
          "TP": 157.03315,
          "confidence": 1.0,
          "timeframe": "5m"
        },
        "1m": {
          "signal": 1,
          "sgd_pred": 1,
          "rf_pred": 0,
          "live": 156.906005859375,
          "SL": 156.85274,
          "TP": 156.95927,
          "confidence": 0.5,
          "timeframe": "1m"
        },
        "15m": {
          "signal": 1,
          "sgd_pred": 1,
          "rf_pred": 1,
          "live": 156.91099548339844,
          "SL": 156.68922,
          "TP": 157.13277,
          "confidence": 1.0,
          "timeframe": "15m"
        }
      },
      "aggregated": "LONG"
    },
    "AUD/USD": {
      "signals": {
        "1m": {
          "signal": 1,
          "sgd_pred": 0,
          "rf_pred": 1,
          "live": 0.6462870836257935,
          "SL": 0.64613,
          "TP": 0.64644,
          "confidence": 0.5,
          "timeframe": "1m"
        },
        "15m": {
          "signal": 1,
          "sgd_pred": 0,
          "rf_pred": 1,
          "live": 0.6462870836257935,
          "SL": 0.64541,
          "TP": 0.64717,
          "confidence": 0.5,
          "timeframe": "15m"
        },
        "1d": {
          "signal": 1,
          "sgd_pred": 1,
          "rf_pred": 1,
          "live": 0.6506,
          "SL": 0.64067,
          "TP": 0.66053,
          "confidence": 1.0,
          "timeframe": "1d"
        },
        "5m": {
          "signal": 1,
          "sgd_pred": 0,
          "rf_pred": 1,
          "live": 0.6462870836257935,
          "SL": 0.64591,
          "TP": 0.64666,
          "confidence": 0.5,
          "timeframe": "5m"
        },
        "1h": {
          "signal": 0,
          "sgd_pred": 0,
          "rf_pred": 0,
          "live": 0.6462870836257935,
          "SL": 0.64433,
          "TP": 0.64825,
          "confidence": 0.0,
          "timeframe": "1h"
        }
      },
      "aggregated": "LONG"
    }
  },
  "database_stats": {
    "pending_trades": 0,
    "completed_trades": 0,
    "total_pnl": 0.0,
    "overall_accuracy": 0.0
  }
}