{
  "timestamp": "2025-11-17T21:23:28.865812+00:00",
  "iteration": 1,
  "pairs": {
    "EUR/USD": {
      "signals": {
        "15m": {
          "signal": 0,
          "sgd_pred": 0,
          "rf_pred": 0,
          "live": 1.159151554107666,
          "SL": 1.15845,
          "TP": 1.15985,
          "confidence": 0.0,
          "timeframe": "15m"
        },
        "1d": {
          "signal": 0,
          "sgd_pred": 0,
          "rf_pred": 0,
          "live": 1.162,
          "SL": 1.1504,
          "TP": 1.1736,
          "confidence": 0.0,
          "timeframe": "1d"
        },
        "1m": {
          "signal": 0,
          "sgd_pred": 0,
          "rf_pred": 0,
          "live": 1.159151554107666,
          "SL": 1.15909,
          "TP": 1.15922,
          "confidence": 0.0,
          "timeframe": "1m"
        },
        "1h": {
          "signal": 0,
          "sgd_pred": 0,
          "rf_pred": 0,
          "live": 1.159151554107666,
          "SL": 1.15743,
          "TP": 1.16087,
          "confidence": 0.0,
          "timeframe": "1h"
        },
        "5m": {
          "signal": 0,
          "sgd_pred": 0,
          "rf_pred": 0,
          "live": 1.159151554107666,
          "SL": 1.15887,
          "TP": 1.15943,
          "confidence": 0.0,
          "timeframe": "5m"
        }
      },
      "aggregated": "SHORT"
    },
    "GBP/USD": {
      "signals": {
        "15m": {
          "signal": 0,
          "sgd_pred": 0,
          "rf_pred": 0,
          "live": 1.3155817985534668,
          "SL": 1.31444,
          "TP": 1.31673,
          "confidence": 0.0,
          "timeframe": "15m"
        },
        "1h": {
          "signal": 1,
          "sgd_pred": 1,
          "rf_pred": 1,
          "live": 1.3155817985534668,
          "SL": 1.31268,
          "TP": 1.31849,
          "confidence": 1.0,
          "timeframe": "1h"
        },
        "5m": {
          "signal": 0,
          "sgd_pred": 0,
          "rf_pred": 0,
          "live": 1.3155817985534668,
          "SL": 1.31514,
          "TP": 1.31602,
          "confidence": 0.0,
          "timeframe": "5m"
        },
        "1m": {
          "signal": 1,
          "sgd_pred": 0,
          "rf_pred": 1,
          "live": 1.3155817985534668,
          "SL": 1.31549,
          "TP": 1.31567,
          "confidence": 0.5,
          "timeframe": "1m"
        },
        "1d": {
          "signal": 1,
          "sgd_pred": 0,
          "rf_pred": 1,
          "live": 1.3155817985534668,
          "SL": 1.29751,
          "TP": 1.33365,
          "confidence": 0.5,
          "timeframe": "1d"
        }
      },
      "aggregated": "LONG"
    },
    "USD/JPY": {
      "signals": {
        "1d": {
          "signal": 1,
          "sgd_pred": 1,
          "rf_pred": 1,
          "live": 155.22999572753906,
          "SL": 152.82228,
          "TP": 157.63771,
          "confidence": 1.0,
          "timeframe": "1d"
        },
        "1h": {
          "signal": 1,
          "sgd_pred": 0,
          "rf_pred": 1,
          "live": 155.22999572753906,
          "SL": 154.92529,
          "TP": 155.5347,
          "confidence": 0.5,
          "timeframe": "1h"
        },
        "5m": {
          "signal": 1,
          "sgd_pred": 0,
          "rf_pred": 1,
          "live": 155.23199462890625,
          "SL": 155.16117,
          "TP": 155.30281,
          "confidence": 0.5,
          "timeframe": "5m"
        },
        "1m": {
          "signal": 1,
          "sgd_pred": 1,
          "rf_pred": 1,
          "live": 155.23199462890625,
          "SL": 155.20609,
          "TP": 155.2579,
          "confidence": 1.0,
          "timeframe": "1m"
        },
        "15m": {
          "signal": 1,
          "sgd_pred": 1,
          "rf_pred": 0,
          "live": 155.23199462890625,
          "SL": 155.09356,
          "TP": 155.37043,
          "confidence": 0.5,
          "timeframe": "15m"
        }
      },
      "aggregated": "LONG"
    },
    "AUD/USD": {
      "signals": {
        "1m": {
          "signal": 0,
          "sgd_pred": 0,
          "rf_pred": 0,
          "live": 0.649350643157959,
          "SL": 0.64921,
          "TP": 0.64949,
          "confidence": 0.0,
          "timeframe": "1m"
        },
        "15m": {
          "signal": 0,
          "sgd_pred": 0,
          "rf_pred": 0,
          "live": 0.649350643157959,
          "SL": 0.64865,
          "TP": 0.65005,
          "confidence": 0.0,
          "timeframe": "15m"
        },
        "1d": {
          "signal": 1,
          "sgd_pred": 1,
          "rf_pred": 1,
          "live": 0.6536,
          "SL": 0.64387,
          "TP": 0.66333,
          "confidence": 1.0,
          "timeframe": "1d"
        },
        "5m": {
          "signal": 0,
          "sgd_pred": 0,
          "rf_pred": 0,
          "live": 0.649350643157959,
          "SL": 0.64905,
          "TP": 0.64965,
          "confidence": 0.0,
          "timeframe": "5m"
        },
        "1h": {
          "signal": 0,
          "sgd_pred": 0,
          "rf_pred": 0,
          "live": 0.649350643157959,
          "SL": 0.64758,
          "TP": 0.65112,
          "confidence": 0.0,
          "timeframe": "1h"
        }
      },
      "aggregated": "LONG"
    }
  },
  "database_stats": {
    "pending_trades": 0,
    "completed_trades": 0,
    "total_pnl": 0.0,
    "overall_accuracy": 0.0
  }
}