{
  "timestamp": "2025-11-19T04:54:04.204026+00:00",
  "iteration": 1,
  "pairs": {
    "EUR/USD": {
      "signals": {
        "1m": {
          "signal": 1,
          "sgd_pred": 1,
          "rf_pred": 1,
          "live": 1.1584800481796265,
          "SL": 1.15839,
          "TP": 1.15857,
          "confidence": 1.0,
          "timeframe": "1m"
        },
        "1d": {
          "signal": 0,
          "sgd_pred": 0,
          "rf_pred": 0,
          "live": 1.1579,
          "SL": 1.1468,
          "TP": 1.169,
          "confidence": 0.0,
          "timeframe": "1d"
        },
        "5m": {
          "signal": 1,
          "sgd_pred": 1,
          "rf_pred": 1,
          "live": 1.1584800481796265,
          "SL": 1.15822,
          "TP": 1.15874,
          "confidence": 1.0,
          "timeframe": "5m"
        },
        "15m": {
          "signal": 1,
          "sgd_pred": 1,
          "rf_pred": 1,
          "live": 1.1584800481796265,
          "SL": 1.1579,
          "TP": 1.15906,
          "confidence": 1.0,
          "timeframe": "15m"
        },
        "1h": {
          "signal": 0,
          "sgd_pred": 0,
          "rf_pred": 0,
          "live": 1.1584800481796265,
          "SL": 1.15685,
          "TP": 1.16011,
          "confidence": 0.0,
          "timeframe": "1h"
        }
      },
      "aggregated": "SHORT"
    },
    "USD/JPY": {
      "signals": {
        "1d": {
          "signal": 1,
          "sgd_pred": 1,
          "rf_pred": 1,
          "live": 155.5,
          "SL": 153.3333,
          "TP": 157.6667,
          "confidence": 1.0,
          "timeframe": "1d"
        },
        "1m": {
          "signal": 1,
          "sgd_pred": 1,
          "rf_pred": 0,
          "live": 155.3509979248047,
          "SL": 155.3076,
          "TP": 155.3944,
          "confidence": 0.5,
          "timeframe": "1m"
        },
        "5m": {
          "signal": 0,
          "sgd_pred": 0,
          "rf_pred": 0,
          "live": 155.343994140625,
          "SL": 155.24268,
          "TP": 155.44531,
          "confidence": 0.0,
          "timeframe": "5m"
        },
        "1h": {
          "signal": 1,
          "sgd_pred": 1,
          "rf_pred": 1,
          "live": 155.3470001220703,
          "SL": 154.9849,
          "TP": 155.7091,
          "confidence": 1.0,
          "timeframe": "1h"
        },
        "15m": {
          "signal": 0,
          "sgd_pred": 0,
          "rf_pred": 0,
          "live": 155.35699462890625,
          "SL": 155.18663,
          "TP": 155.52736,
          "confidence": 0.0,
          "timeframe": "15m"
        }
      },
      "aggregated": "LONG"
    },
    "AUD/USD": {
      "signals": {
        "1d": {
          "signal": 0,
          "sgd_pred": 0,
          "rf_pred": 0,
          "live": 0.6485504508018494,
          "SL": 0.63874,
          "TP": 0.65836,
          "confidence": 0.0,
          "timeframe": "1d"
        },
        "5m": {
          "signal": 0,
          "sgd_pred": 0,
          "rf_pred": 0,
          "live": 0.6485504508018494,
          "SL": 0.6482,
          "TP": 0.6489,
          "confidence": 0.0,
          "timeframe": "5m"
        },
        "1h": {
          "signal": 1,
          "sgd_pred": 1,
          "rf_pred": 1,
          "live": 0.6485504508018494,
          "SL": 0.64682,
          "TP": 0.65028,
          "confidence": 1.0,
          "timeframe": "1h"
        },
        "1m": {
          "signal": 0,
          "sgd_pred": 0,
          "rf_pred": 0,
          "live": 0.6485504508018494,
          "SL": 0.64837,
          "TP": 0.64873,
          "confidence": 0.0,
          "timeframe": "1m"
        },
        "15m": {
          "signal": 0,
          "sgd_pred": 0,
          "rf_pred": 0,
          "live": 0.6485504508018494,
          "SL": 0.64786,
          "TP": 0.64924,
          "confidence": 0.0,
          "timeframe": "15m"
        }
      },
      "aggregated": "SHORT"
    },
    "GBP/USD": {
      "signals": {
        "1d": {
          "signal": 0,
          "sgd_pred": 0,
          "rf_pred": 0,
          "live": 1.3137325048446655,
          "SL": 1.29725,
          "TP": 1.33021,
          "confidence": 0.0,
          "timeframe": "1d"
        },
        "15m": {
          "signal": 0,
          "sgd_pred": 0,
          "rf_pred": 0,
          "live": 1.3137325048446655,
          "SL": 1.31296,
          "TP": 1.3145,
          "confidence": 0.0,
          "timeframe": "15m"
        },
        "1m": {
          "signal": 1,
          "sgd_pred": 1,
          "rf_pred": 1,
          "live": 1.3137325048446655,
          "SL": 1.31364,
          "TP": 1.31383,
          "confidence": 1.0,
          "timeframe": "1m"
        },
        "5m": {
          "signal": 1,
          "sgd_pred": 0,
          "rf_pred": 1,
          "live": 1.3137325048446655,
          "SL": 1.3134,
          "TP": 1.31407,
          "confidence": 0.5,
          "timeframe": "5m"
        },
        "1h": {
          "signal": 0,
          "sgd_pred": 0,
          "rf_pred": 0,
          "live": 1.3137325048446655,
          "SL": 1.31153,
          "TP": 1.31593,
          "confidence": 0.0,
          "timeframe": "1h"
        }
      },
      "aggregated": "SHORT"
    }
  },
  "database_stats": {
    "pending_trades": 0,
    "completed_trades": 0,
    "total_pnl": 0.0,
    "overall_accuracy": 0.0
  }
}