{
  "timestamp": "2025-11-17T01:54:29.366559+00:00",
  "iteration": 1,
  "pairs": {
    "EUR/USD": {
      "signals": {
        "15m": {
          "signal": 0,
          "sgd_pred": 0,
          "rf_pred": 0,
          "live": 1.161170482635498,
          "SL": 1.16046,
          "TP": 1.16188,
          "confidence": 0.0,
          "timeframe": "15m"
        },
        "1d": {
          "signal": 0,
          "sgd_pred": 0,
          "rf_pred": 0,
          "live": 1.162,
          "SL": 1.1504,
          "TP": 1.1736,
          "confidence": 0.0,
          "timeframe": "1d"
        },
        "1m": {
          "signal": 0,
          "sgd_pred": 0,
          "rf_pred": 0,
          "live": 1.161170482635498,
          "SL": 1.16109,
          "TP": 1.16125,
          "confidence": 0.0,
          "timeframe": "1m"
        },
        "1h": {
          "signal": 1,
          "sgd_pred": 1,
          "rf_pred": 1,
          "live": 1.161170482635498,
          "SL": 1.15913,
          "TP": 1.16321,
          "confidence": 1.0,
          "timeframe": "1h"
        },
        "5m": {
          "signal": 1,
          "sgd_pred": 1,
          "rf_pred": 1,
          "live": 1.161170482635498,
          "SL": 1.16086,
          "TP": 1.16148,
          "confidence": 1.0,
          "timeframe": "5m"
        }
      },
      "aggregated": "SHORT"
    },
    "GBP/USD": {
      "signals": {
        "15m": {
          "signal": 0,
          "sgd_pred": 0,
          "rf_pred": 0,
          "live": 1.3159279823303225,
          "SL": 1.31481,
          "TP": 1.31705,
          "confidence": 0.0,
          "timeframe": "15m"
        },
        "1h": {
          "signal": 1,
          "sgd_pred": 1,
          "rf_pred": 1,
          "live": 1.3159279823303225,
          "SL": 1.31232,
          "TP": 1.31953,
          "confidence": 1.0,
          "timeframe": "1h"
        },
        "5m": {
          "signal": 1,
          "sgd_pred": 1,
          "rf_pred": 1,
          "live": 1.3159279823303225,
          "SL": 1.31549,
          "TP": 1.31636,
          "confidence": 1.0,
          "timeframe": "5m"
        },
        "1m": {
          "signal": 1,
          "sgd_pred": 1,
          "rf_pred": 1,
          "live": 1.3159279823303225,
          "SL": 1.31581,
          "TP": 1.31604,
          "confidence": 1.0,
          "timeframe": "1m"
        },
        "1d": {
          "signal": 1,
          "sgd_pred": 1,
          "rf_pred": 1,
          "live": 1.3159279823303225,
          "SL": 1.29827,
          "TP": 1.33359,
          "confidence": 1.0,
          "timeframe": "1d"
        }
      },
      "aggregated": "LONG"
    },
    "USD/JPY": {
      "signals": {
        "1d": {
          "signal": 0,
          "sgd_pred": 0,
          "rf_pred": 0,
          "live": 154.54600524902344,
          "SL": 152.23043,
          "TP": 156.86158,
          "confidence": 0.0,
          "timeframe": "1d"
        },
        "1h": {
          "signal": 0,
          "sgd_pred": 0,
          "rf_pred": 0,
          "live": 154.54100036621094,
          "SL": 154.11231,
          "TP": 154.96969,
          "confidence": 0.0,
          "timeframe": "1h"
        },
        "5m": {
          "signal": 0,
          "sgd_pred": 0,
          "rf_pred": 0,
          "live": 154.54100036621094,
          "SL": 154.42659,
          "TP": 154.65541,
          "confidence": 0.0,
          "timeframe": "5m"
        },
        "1m": {
          "signal": 1,
          "sgd_pred": 1,
          "rf_pred": 1,
          "live": 154.54200744628906,
          "SL": 154.49545,
          "TP": 154.58857,
          "confidence": 1.0,
          "timeframe": "1m"
        },
        "15m": {
          "signal": 1,
          "sgd_pred": 0,
          "rf_pred": 1,
          "live": 154.54100036621094,
          "SL": 154.35881,
          "TP": 154.72319,
          "confidence": 0.5,
          "timeframe": "15m"
        }
      },
      "aggregated": "LONG"
    },
    "AUD/USD": {
      "signals": {
        "1m": {
          "signal": 1,
          "sgd_pred": 0,
          "rf_pred": 1,
          "live": 0.6524008512496948,
          "SL": 0.65221,
          "TP": 0.65259,
          "confidence": 0.5,
          "timeframe": "1m"
        },
        "15m": {
          "signal": 0,
          "sgd_pred": 0,
          "rf_pred": 0,
          "live": 0.6524008512496948,
          "SL": 0.65174,
          "TP": 0.65307,
          "confidence": 0.0,
          "timeframe": "15m"
        },
        "1d": {
          "signal": 1,
          "sgd_pred": 1,
          "rf_pred": 1,
          "live": 0.6536,
          "SL": 0.64387,
          "TP": 0.66333,
          "confidence": 1.0,
          "timeframe": "1d"
        },
        "5m": {
          "signal": 0,
          "sgd_pred": 0,
          "rf_pred": 0,
          "live": 0.6524008512496948,
          "SL": 0.65206,
          "TP": 0.65274,
          "confidence": 0.0,
          "timeframe": "5m"
        },
        "1h": {
          "signal": 0,
          "sgd_pred": 0,
          "rf_pred": 0,
          "live": 0.6524008512496948,
          "SL": 0.65073,
          "TP": 0.65407,
          "confidence": 0.0,
          "timeframe": "1h"
        }
      },
      "aggregated": "LONG"
    }
  },
  "database_stats": {
    "pending_trades": 0,
    "completed_trades": 0,
    "total_pnl": 0.0,
    "overall_accuracy": 0.0
  }
}