{
  "timestamp": "2025-11-19T19:48:37.667950+00:00",
  "iteration": 1,
  "pairs": {
    "GBP/USD": {
      "signals": {
        "1d": {
          "signal": 0,
          "sgd_pred": 0,
          "rf_pred": 0,
          "live": 1.3142,
          "SL": 1.29791,
          "TP": 1.33049,
          "confidence": 0.0,
          "timeframe": "1d"
        },
        "15m": {
          "signal": 1,
          "sgd_pred": 1,
          "rf_pred": 0,
          "live": 1.3049037456512451,
          "SL": 1.30336,
          "TP": 1.30645,
          "confidence": 0.5,
          "timeframe": "15m"
        },
        "1m": {
          "signal": 0,
          "sgd_pred": 0,
          "rf_pred": 0,
          "live": 1.3049037456512451,
          "SL": 1.30474,
          "TP": 1.30507,
          "confidence": 0.0,
          "timeframe": "1m"
        },
        "1h": {
          "signal": 0,
          "sgd_pred": 0,
          "rf_pred": 0,
          "live": 1.3049037456512451,
          "SL": 1.30157,
          "TP": 1.30824,
          "confidence": 0.0,
          "timeframe": "1h"
        },
        "5m": {
          "signal": 1,
          "sgd_pred": 1,
          "rf_pred": 0,
          "live": 1.3049037456512451,
          "SL": 1.30424,
          "TP": 1.30556,
          "confidence": 0.5,
          "timeframe": "5m"
        }
      },
      "aggregated": "SHORT"
    },
    "USD/JPY": {
      "signals": {
        "1d": {
          "signal": 1,
          "sgd_pred": 1,
          "rf_pred": 1,
          "live": 156.9720001220703,
          "SL": 154.53439,
          "TP": 159.40961,
          "confidence": 1.0,
          "timeframe": "1d"
        },
        "1m": {
          "signal": 0,
          "sgd_pred": 0,
          "rf_pred": 0,
          "live": 156.97000122070312,
          "SL": 156.91462,
          "TP": 157.02539,
          "confidence": 0.0,
          "timeframe": "1m"
        },
        "1h": {
          "signal": 1,
          "sgd_pred": 1,
          "rf_pred": 1,
          "live": 156.97799682617188,
          "SL": 156.53638,
          "TP": 157.41961,
          "confidence": 1.0,
          "timeframe": "1h"
        },
        "5m": {
          "signal": 0,
          "sgd_pred": 0,
          "rf_pred": 0,
          "live": 156.97000122070312,
          "SL": 156.84503,
          "TP": 157.09498,
          "confidence": 0.0,
          "timeframe": "5m"
        },
        "15m": {
          "signal": 1,
          "sgd_pred": 1,
          "rf_pred": 0,
          "live": 156.97000122070312,
          "SL": 156.75113,
          "TP": 157.18887,
          "confidence": 0.5,
          "timeframe": "15m"
        }
      },
      "aggregated": "LONG"
    },
    "EUR/USD": {
      "signals": {
        "5m": {
          "signal": 0,
          "sgd_pred": 0,
          "rf_pred": 0,
          "live": 1.1526048183441162,
          "SL": 1.15212,
          "TP": 1.15309,
          "confidence": 0.0,
          "timeframe": "5m"
        },
        "1m": {
          "signal": 1,
          "sgd_pred": 1,
          "rf_pred": 0,
          "live": 1.1526048183441162,
          "SL": 1.15246,
          "TP": 1.15275,
          "confidence": 0.5,
          "timeframe": "1m"
        },
        "1d": {
          "signal": 0,
          "sgd_pred": 0,
          "rf_pred": 0,
          "live": 1.1579,
          "SL": 1.1468,
          "TP": 1.169,
          "confidence": 0.0,
          "timeframe": "1d"
        },
        "1h": {
          "signal": 0,
          "sgd_pred": 0,
          "rf_pred": 0,
          "live": 1.1526048183441162,
          "SL": 1.15029,
          "TP": 1.15492,
          "confidence": 0.0,
          "timeframe": "1h"
        },
        "15m": {
          "signal": 0,
          "sgd_pred": 0,
          "rf_pred": 0,
          "live": 1.1526048183441162,
          "SL": 1.15153,
          "TP": 1.15368,
          "confidence": 0.0,
          "timeframe": "15m"
        }
      },
      "aggregated": "SHORT"
    },
    "AUD/USD": {
      "signals": {
        "1m": {
          "signal": 1,
          "sgd_pred": 0,
          "rf_pred": 1,
          "live": 0.6461617946624756,
          "SL": 0.64601,
          "TP": 0.64632,
          "confidence": 0.5,
          "timeframe": "1m"
        },
        "5m": {
          "signal": 1,
          "sgd_pred": 0,
          "rf_pred": 1,
          "live": 0.6461617946624756,
          "SL": 0.6458,
          "TP": 0.64652,
          "confidence": 0.5,
          "timeframe": "5m"
        },
        "1h": {
          "signal": 0,
          "sgd_pred": 0,
          "rf_pred": 0,
          "live": 0.6461617946624756,
          "SL": 0.64419,
          "TP": 0.64813,
          "confidence": 0.0,
          "timeframe": "1h"
        },
        "15m": {
          "signal": 1,
          "sgd_pred": 0,
          "rf_pred": 1,
          "live": 0.6461617946624756,
          "SL": 0.64532,
          "TP": 0.647,
          "confidence": 0.5,
          "timeframe": "15m"
        },
        "1d": {
          "signal": 0,
          "sgd_pred": 0,
          "rf_pred": 0,
          "live": 0.6461617946624756,
          "SL": 0.636,
          "TP": 0.65632,
          "confidence": 0.0,
          "timeframe": "1d"
        }
      },
      "aggregated": "SHORT"
    }
  },
  "database_stats": {
    "pending_trades": 0,
    "completed_trades": 0,
    "total_pnl": 0.0,
    "overall_accuracy": 0.0
  }
}