{
  "timestamp": "2025-11-18T20:14:19.271329+00:00",
  "iteration": 1,
  "pairs": {
    "EUR/USD": {
      "signals": {
        "15m": {
          "signal": 1,
          "sgd_pred": 0,
          "rf_pred": 1,
          "live": 1.1590172052383425,
          "SL": 1.15812,
          "TP": 1.15991,
          "confidence": 0.5,
          "timeframe": "15m"
        },
        "1d": {
          "signal": 0,
          "sgd_pred": 0,
          "rf_pred": 0,
          "live": 1.159,
          "SL": 1.14762,
          "TP": 1.17038,
          "confidence": 0.0,
          "timeframe": "1d"
        },
        "1m": {
          "signal": 0,
          "sgd_pred": 0,
          "rf_pred": 0,
          "live": 1.1590172052383425,
          "SL": 1.15896,
          "TP": 1.15908,
          "confidence": 0.0,
          "timeframe": "1m"
        },
        "1h": {
          "signal": 1,
          "sgd_pred": 1,
          "rf_pred": 1,
          "live": 1.1590172052383425,
          "SL": 1.15724,
          "TP": 1.16079,
          "confidence": 1.0,
          "timeframe": "1h"
        },
        "5m": {
          "signal": 0,
          "sgd_pred": 0,
          "rf_pred": 0,
          "live": 1.1590172052383425,
          "SL": 1.15874,
          "TP": 1.1593,
          "confidence": 0.0,
          "timeframe": "5m"
        }
      },
      "aggregated": "SHORT"
    },
    "GBP/USD": {
      "signals": {
        "15m": {
          "signal": 1,
          "sgd_pred": 1,
          "rf_pred": 1,
          "live": 1.3156856298446655,
          "SL": 1.31454,
          "TP": 1.31683,
          "confidence": 1.0,
          "timeframe": "15m"
        },
        "1h": {
          "signal": 1,
          "sgd_pred": 1,
          "rf_pred": 1,
          "live": 1.3156856298446655,
          "SL": 1.3131,
          "TP": 1.31827,
          "confidence": 1.0,
          "timeframe": "1h"
        },
        "5m": {
          "signal": 1,
          "sgd_pred": 1,
          "rf_pred": 1,
          "live": 1.3156856298446655,
          "SL": 1.31526,
          "TP": 1.31611,
          "confidence": 1.0,
          "timeframe": "5m"
        },
        "1m": {
          "signal": 1,
          "sgd_pred": 1,
          "rf_pred": 0,
          "live": 1.3156856298446655,
          "SL": 1.31557,
          "TP": 1.3158,
          "confidence": 0.5,
          "timeframe": "1m"
        },
        "1d": {
          "signal": 0,
          "sgd_pred": 0,
          "rf_pred": 0,
          "live": 1.3156856298446655,
          "SL": 1.29832,
          "TP": 1.33305,
          "confidence": 0.0,
          "timeframe": "1d"
        }
      },
      "aggregated": "SHORT"
    },
    "USD/JPY": {
      "signals": {
        "1d": {
          "signal": 1,
          "sgd_pred": 1,
          "rf_pred": 1,
          "live": 155.4759979248047,
          "SL": 153.09151,
          "TP": 157.86049,
          "confidence": 1.0,
          "timeframe": "1d"
        },
        "1h": {
          "signal": 0,
          "sgd_pred": 0,
          "rf_pred": 0,
          "live": 155.4770050048828,
          "SL": 155.08938,
          "TP": 155.86463,
          "confidence": 0.0,
          "timeframe": "1h"
        },
        "5m": {
          "signal": 0,
          "sgd_pred": 0,
          "rf_pred": 0,
          "live": 155.48300170898438,
          "SL": 155.39694,
          "TP": 155.56907,
          "confidence": 0.0,
          "timeframe": "5m"
        },
        "1m": {
          "signal": 1,
          "sgd_pred": 1,
          "rf_pred": 1,
          "live": 155.48500061035156,
          "SL": 155.44769,
          "TP": 155.52231,
          "confidence": 1.0,
          "timeframe": "1m"
        },
        "15m": {
          "signal": 0,
          "sgd_pred": 0,
          "rf_pred": 0,
          "live": 155.48399353027344,
          "SL": 155.29006,
          "TP": 155.67793,
          "confidence": 0.0,
          "timeframe": "15m"
        }
      },
      "aggregated": "SHORT"
    },
    "AUD/USD": {
      "signals": {
        "1m": {
          "signal": 0,
          "sgd_pred": 0,
          "rf_pred": 0,
          "live": 0.6517630219459534,
          "SL": 0.6516,
          "TP": 0.65192,
          "confidence": 0.0,
          "timeframe": "1m"
        },
        "15m": {
          "signal": 0,
          "sgd_pred": 0,
          "rf_pred": 0,
          "live": 0.6517630219459534,
          "SL": 0.65088,
          "TP": 0.65265,
          "confidence": 0.0,
          "timeframe": "15m"
        },
        "1d": {
          "signal": 0,
          "sgd_pred": 0,
          "rf_pred": 0,
          "live": 0.6492,
          "SL": 0.63935,
          "TP": 0.65905,
          "confidence": 0.0,
          "timeframe": "1d"
        },
        "5m": {
          "signal": 0,
          "sgd_pred": 0,
          "rf_pred": 0,
          "live": 0.6517630219459534,
          "SL": 0.65142,
          "TP": 0.65211,
          "confidence": 0.0,
          "timeframe": "5m"
        },
        "1h": {
          "signal": 0,
          "sgd_pred": 0,
          "rf_pred": 0,
          "live": 0.6517630219459534,
          "SL": 0.64986,
          "TP": 0.65367,
          "confidence": 0.0,
          "timeframe": "1h"
        }
      },
      "aggregated": "SHORT"
    }
  },
  "database_stats": {
    "pending_trades": 0,
    "completed_trades": 0,
    "total_pnl": 0.0,
    "overall_accuracy": 0.0
  }
}