{
  "timestamp": "2025-11-22T05:48:34.714150+00:00",
  "iteration": 1,
  "is_weekend": true,
  "market_status": "closed_learning_only",
  "trade_evaluation_age_hours": 0.5,
  "pairs": {
    "USD/JPY": {
      "signals": {
        "1d": {
          "signal": 0,
          "sgd_pred": 0,
          "rf_pred": 0,
          "live": 156.39,
          "SL": 154.0806,
          "TP": 158.6994,
          "confidence": 0.0,
          "timeframe": "1d"
        },
        "1m": {
          "signal": 1,
          "sgd_pred": 0,
          "rf_pred": 1,
          "live": 156.3780059814453,
          "SL": 156.28033,
          "TP": 156.47568,
          "confidence": 0.5,
          "timeframe": "1m"
        },
        "1h": {
          "signal": 1,
          "sgd_pred": 0,
          "rf_pred": 1,
          "live": 156.3780059814453,
          "SL": 155.84694,
          "TP": 156.90908,
          "confidence": 0.5,
          "timeframe": "1h"
        },
        "15m": {
          "signal": 1,
          "sgd_pred": 0,
          "rf_pred": 1,
          "live": 156.3780059814453,
          "SL": 156.11606,
          "TP": 156.63995,
          "confidence": 0.5,
          "timeframe": "15m"
        },
        "5m": {
          "signal": 1,
          "sgd_pred": 1,
          "rf_pred": 1,
          "live": 156.3780059814453,
          "SL": 156.23593,
          "TP": 156.52008,
          "confidence": 1.0,
          "timeframe": "5m"
        }
      },
      "aggregated": "SHORT"
    },
    "AUD/USD": {
      "signals": {
        "5m": {
          "signal": 0,
          "sgd_pred": 0,
          "rf_pred": 0,
          "live": 0.6458279490470886,
          "SL": 0.64565,
          "TP": 0.64601,
          "confidence": 0.0,
          "timeframe": "5m"
        },
        "1h": {
          "signal": 0,
          "sgd_pred": 0,
          "rf_pred": 0,
          "live": 0.6458279490470886,
          "SL": 0.64371,
          "TP": 0.64794,
          "confidence": 0.0,
          "timeframe": "1h"
        },
        "15m": {
          "signal": 0,
          "sgd_pred": 0,
          "rf_pred": 0,
          "live": 0.6458279490470886,
          "SL": 0.64514,
          "TP": 0.64652,
          "confidence": 0.0,
          "timeframe": "15m"
        },
        "1m": {
          "signal": 0,
          "sgd_pred": 0,
          "rf_pred": 0,
          "live": 0.6458279490470886,
          "SL": 0.64578,
          "TP": 0.64587,
          "confidence": 0.0,
          "timeframe": "1m"
        },
        "1d": {
          "signal": 1,
          "sgd_pred": 1,
          "rf_pred": 0,
          "live": 0.6454,
          "SL": 0.6352,
          "TP": 0.6556,
          "confidence": 0.5,
          "timeframe": "1d"
        }
      },
      "aggregated": "LONG"
    },
    "EUR/USD": {
      "signals": {
        "5m": {
          "signal": 0,
          "sgd_pred": 0,
          "rf_pred": 0,
          "live": 1.1519410610198977,
          "SL": 1.15166,
          "TP": 1.15222,
          "confidence": 0.0,
          "timeframe": "5m"
        },
        "1d": {
          "signal": 0,
          "sgd_pred": 0,
          "rf_pred": 0,
          "live": 1.1511,
          "SL": 1.13974,
          "TP": 1.16246,
          "confidence": 0.0,
          "timeframe": "1d"
        },
        "15m": {
          "signal": 0,
          "sgd_pred": 0,
          "rf_pred": 0,
          "live": 1.1519410610198977,
          "SL": 1.15105,
          "TP": 1.15284,
          "confidence": 0.0,
          "timeframe": "15m"
        },
        "1m": {
          "signal": 0,
          "sgd_pred": 0,
          "rf_pred": 0,
          "live": 1.1519410610198977,
          "SL": 1.15193,
          "TP": 1.15195,
          "confidence": 0.0,
          "timeframe": "1m"
        },
        "1h": {
          "signal": 1,
          "sgd_pred": 1,
          "rf_pred": 0,
          "live": 1.1519410610198977,
          "SL": 1.14976,
          "TP": 1.15412,
          "confidence": 0.5,
          "timeframe": "1h"
        }
      },
      "aggregated": "LONG"
    },
    "GBP/USD": {
      "signals": {
        "1d": {
          "signal": 1,
          "sgd_pred": 1,
          "rf_pred": 0,
          "live": 1.308489441871643,
          "SL": 1.29121,
          "TP": 1.32577,
          "confidence": 0.5,
          "timeframe": "1d"
        },
        "1m": {
          "signal": 0,
          "sgd_pred": 0,
          "rf_pred": 0,
          "live": 1.3097747564315796,
          "SL": 1.30975,
          "TP": 1.3098,
          "confidence": 0.0,
          "timeframe": "1m"
        },
        "1h": {
          "signal": 0,
          "sgd_pred": 0,
          "rf_pred": 0,
          "live": 1.3097747564315796,
          "SL": 1.30672,
          "TP": 1.31283,
          "confidence": 0.0,
          "timeframe": "1h"
        },
        "5m": {
          "signal": 0,
          "sgd_pred": 0,
          "rf_pred": 0,
          "live": 1.3097747564315796,
          "SL": 1.30945,
          "TP": 1.3101,
          "confidence": 0.0,
          "timeframe": "5m"
        },
        "15m": {
          "signal": 0,
          "sgd_pred": 0,
          "rf_pred": 0,
          "live": 1.3097747564315796,
          "SL": 1.30873,
          "TP": 1.31082,
          "confidence": 0.0,
          "timeframe": "15m"
        }
      },
      "aggregated": "SHORT"
    }
  },
  "database_stats": {
    "pending_trades": 40,
    "completed_trades": 0,
    "total_pnl": 0.0,
    "overall_accuracy": 0.0
  }
}