{
  "timestamp": "2025-11-18T12:22:03.888326+00:00",
  "iteration": 1,
  "pairs": {
    "EUR/USD": {
      "signals": {
        "15m": {
          "signal": 0,
          "sgd_pred": 0,
          "rf_pred": 0,
          "live": 1.1590172052383425,
          "SL": 1.15809,
          "TP": 1.15994,
          "confidence": 0.0,
          "timeframe": "15m"
        },
        "1d": {
          "signal": 0,
          "sgd_pred": 0,
          "rf_pred": 0,
          "live": 1.159,
          "SL": 1.14762,
          "TP": 1.17038,
          "confidence": 0.0,
          "timeframe": "1d"
        },
        "1m": {
          "signal": 0,
          "sgd_pred": 0,
          "rf_pred": 0,
          "live": 1.1590172052383425,
          "SL": 1.15889,
          "TP": 1.15914,
          "confidence": 0.0,
          "timeframe": "1m"
        },
        "1h": {
          "signal": 1,
          "sgd_pred": 1,
          "rf_pred": 1,
          "live": 1.1590172052383425,
          "SL": 1.15737,
          "TP": 1.16066,
          "confidence": 1.0,
          "timeframe": "1h"
        },
        "5m": {
          "signal": 0,
          "sgd_pred": 0,
          "rf_pred": 0,
          "live": 1.1590172052383425,
          "SL": 1.15856,
          "TP": 1.15948,
          "confidence": 0.0,
          "timeframe": "5m"
        }
      },
      "aggregated": "SHORT"
    },
    "GBP/USD": {
      "signals": {
        "15m": {
          "signal": 0,
          "sgd_pred": 0,
          "rf_pred": 0,
          "live": 1.314699649810791,
          "SL": 1.31349,
          "TP": 1.31591,
          "confidence": 0.0,
          "timeframe": "15m"
        },
        "1h": {
          "signal": 1,
          "sgd_pred": 1,
          "rf_pred": 1,
          "live": 1.314699649810791,
          "SL": 1.31219,
          "TP": 1.31721,
          "confidence": 1.0,
          "timeframe": "1h"
        },
        "5m": {
          "signal": 0,
          "sgd_pred": 0,
          "rf_pred": 0,
          "live": 1.314699649810791,
          "SL": 1.31408,
          "TP": 1.31532,
          "confidence": 0.0,
          "timeframe": "5m"
        },
        "1m": {
          "signal": 0,
          "sgd_pred": 0,
          "rf_pred": 0,
          "live": 1.314699649810791,
          "SL": 1.31449,
          "TP": 1.31491,
          "confidence": 0.0,
          "timeframe": "1m"
        },
        "1d": {
          "signal": 0,
          "sgd_pred": 0,
          "rf_pred": 0,
          "live": 1.314699649810791,
          "SL": 1.29737,
          "TP": 1.33203,
          "confidence": 0.0,
          "timeframe": "1d"
        }
      },
      "aggregated": "SHORT"
    },
    "USD/JPY": {
      "signals": {
        "1d": {
          "signal": 1,
          "sgd_pred": 1,
          "rf_pred": 1,
          "live": 155.36700439453125,
          "SL": 153.02437,
          "TP": 157.70964,
          "confidence": 1.0,
          "timeframe": "1d"
        },
        "1h": {
          "signal": 0,
          "sgd_pred": 0,
          "rf_pred": 0,
          "live": 155.36700439453125,
          "SL": 154.9905,
          "TP": 155.7435,
          "confidence": 0.0,
          "timeframe": "1h"
        },
        "5m": {
          "signal": 0,
          "sgd_pred": 0,
          "rf_pred": 0,
          "live": 155.35400390625,
          "SL": 155.25171,
          "TP": 155.45629,
          "confidence": 0.0,
          "timeframe": "5m"
        },
        "1m": {
          "signal": 1,
          "sgd_pred": 1,
          "rf_pred": 0,
          "live": 155.3509979248047,
          "SL": 155.29787,
          "TP": 155.40412,
          "confidence": 0.5,
          "timeframe": "1m"
        },
        "15m": {
          "signal": 1,
          "sgd_pred": 1,
          "rf_pred": 1,
          "live": 155.36000061035156,
          "SL": 155.16054,
          "TP": 155.55947,
          "confidence": 1.0,
          "timeframe": "15m"
        }
      },
      "aggregated": "LONG"
    },
    "AUD/USD": {
      "signals": {
        "1m": {
          "signal": 1,
          "sgd_pred": 1,
          "rf_pred": 1,
          "live": 0.6507027745246887,
          "SL": 0.65053,
          "TP": 0.65087,
          "confidence": 1.0,
          "timeframe": "1m"
        },
        "15m": {
          "signal": 1,
          "sgd_pred": 1,
          "rf_pred": 1,
          "live": 0.6507027745246887,
          "SL": 0.65002,
          "TP": 0.65139,
          "confidence": 1.0,
          "timeframe": "15m"
        },
        "1d": {
          "signal": 0,
          "sgd_pred": 0,
          "rf_pred": 0,
          "live": 0.6492,
          "SL": 0.63935,
          "TP": 0.65905,
          "confidence": 0.0,
          "timeframe": "1d"
        },
        "5m": {
          "signal": 1,
          "sgd_pred": 0,
          "rf_pred": 1,
          "live": 0.6507027745246887,
          "SL": 0.65039,
          "TP": 0.65102,
          "confidence": 0.5,
          "timeframe": "5m"
        },
        "1h": {
          "signal": 1,
          "sgd_pred": 1,
          "rf_pred": 1,
          "live": 0.6507027745246887,
          "SL": 0.64901,
          "TP": 0.6524,
          "confidence": 1.0,
          "timeframe": "1h"
        }
      },
      "aggregated": "SHORT"
    }
  },
  "database_stats": {
    "pending_trades": 0,
    "completed_trades": 0,
    "total_pnl": 0.0,
    "overall_accuracy": 0.0
  }
}