{
  "timestamp": "2025-11-20T21:35:01.858948+00:00",
  "iteration": 1,
  "pairs": {
    "GBP/USD": {
      "signals": {
        "1d": {
          "signal": 0,
          "sgd_pred": 0,
          "rf_pred": 0,
          "live": 1.3056,
          "SL": 1.28883,
          "TP": 1.32237,
          "confidence": 0.0,
          "timeframe": "1d"
        },
        "1m": {
          "signal": 1,
          "sgd_pred": 0,
          "rf_pred": 1,
          "live": 1.3069844245910645,
          "SL": 1.3069,
          "TP": 1.30707,
          "confidence": 0.5,
          "timeframe": "1m"
        },
        "15m": {
          "signal": 1,
          "sgd_pred": 0,
          "rf_pred": 1,
          "live": 1.3069844245910645,
          "SL": 1.30576,
          "TP": 1.30821,
          "confidence": 0.5,
          "timeframe": "15m"
        },
        "5m": {
          "signal": 1,
          "sgd_pred": 0,
          "rf_pred": 1,
          "live": 1.3069844245910645,
          "SL": 1.30653,
          "TP": 1.30744,
          "confidence": 0.5,
          "timeframe": "5m"
        },
        "1h": {
          "signal": 0,
          "sgd_pred": 0,
          "rf_pred": 0,
          "live": 1.3069844245910645,
          "SL": 1.30363,
          "TP": 1.31034,
          "confidence": 0.0,
          "timeframe": "1h"
        }
      },
      "aggregated": "SHORT"
    },
    "EUR/USD": {
      "signals": {
        "15m": {
          "signal": 0,
          "sgd_pred": 0,
          "rf_pred": 0,
          "live": 1.1530035734176636,
          "SL": 1.15215,
          "TP": 1.15386,
          "confidence": 0.0,
          "timeframe": "15m"
        },
        "1d": {
          "signal": 0,
          "sgd_pred": 0,
          "rf_pred": 0,
          "live": 1.1536,
          "SL": 1.14215,
          "TP": 1.16505,
          "confidence": 0.0,
          "timeframe": "1d"
        },
        "5m": {
          "signal": 0,
          "sgd_pred": 0,
          "rf_pred": 0,
          "live": 1.1530035734176636,
          "SL": 1.15264,
          "TP": 1.15337,
          "confidence": 0.0,
          "timeframe": "5m"
        },
        "1h": {
          "signal": 1,
          "sgd_pred": 1,
          "rf_pred": 0,
          "live": 1.1530035734176636,
          "SL": 1.15087,
          "TP": 1.15513,
          "confidence": 0.5,
          "timeframe": "1h"
        },
        "1m": {
          "signal": 0,
          "sgd_pred": 0,
          "rf_pred": 0,
          "live": 1.1530035734176636,
          "SL": 1.15288,
          "TP": 1.15313,
          "confidence": 0.0,
          "timeframe": "1m"
        }
      },
      "aggregated": "SHORT"
    },
    "USD/JPY": {
      "signals": {
        "1d": {
          "signal": 1,
          "sgd_pred": 1,
          "rf_pred": 1,
          "live": 157.5489959716797,
          "SL": 154.99137,
          "TP": 160.10662,
          "confidence": 1.0,
          "timeframe": "1d"
        },
        "1h": {
          "signal": 0,
          "sgd_pred": 0,
          "rf_pred": 0,
          "live": 157.5489959716797,
          "SL": 157.04436,
          "TP": 158.05363,
          "confidence": 0.0,
          "timeframe": "1h"
        },
        "15m": {
          "signal": 1,
          "sgd_pred": 1,
          "rf_pred": 0,
          "live": 157.5489959716797,
          "SL": 157.30292,
          "TP": 157.79508,
          "confidence": 0.5,
          "timeframe": "15m"
        },
        "1m": {
          "signal": 0,
          "sgd_pred": 0,
          "rf_pred": 0,
          "live": 157.54800415039062,
          "SL": 157.50641,
          "TP": 157.5896,
          "confidence": 0.0,
          "timeframe": "1m"
        },
        "5m": {
          "signal": 1,
          "sgd_pred": 1,
          "rf_pred": 0,
          "live": 157.5489959716797,
          "SL": 157.43673,
          "TP": 157.66126,
          "confidence": 0.5,
          "timeframe": "5m"
        }
      },
      "aggregated": "LONG"
    },
    "AUD/USD": {
      "signals": {
        "1d": {
          "signal": 0,
          "sgd_pred": 0,
          "rf_pred": 0,
          "live": 0.6477,
          "SL": 0.63759,
          "TP": 0.65781,
          "confidence": 0.0,
          "timeframe": "1d"
        },
        "15m": {
          "signal": 0,
          "sgd_pred": 0,
          "rf_pred": 0,
          "live": 0.6444129347801208,
          "SL": 0.64339,
          "TP": 0.64544,
          "confidence": 0.0,
          "timeframe": "15m"
        },
        "5m": {
          "signal": 0,
          "sgd_pred": 0,
          "rf_pred": 0,
          "live": 0.6444129347801208,
          "SL": 0.64403,
          "TP": 0.6448,
          "confidence": 0.0,
          "timeframe": "5m"
        },
        "1m": {
          "signal": 0,
          "sgd_pred": 0,
          "rf_pred": 0,
          "live": 0.6444129347801208,
          "SL": 0.64424,
          "TP": 0.64458,
          "confidence": 0.0,
          "timeframe": "1m"
        },
        "1h": {
          "signal": 0,
          "sgd_pred": 0,
          "rf_pred": 0,
          "live": 0.6444129347801208,
          "SL": 0.64206,
          "TP": 0.64677,
          "confidence": 0.0,
          "timeframe": "1h"
        }
      },
      "aggregated": "SHORT"
    }
  },
  "database_stats": {
    "pending_trades": 0,
    "completed_trades": 0,
    "total_pnl": 0.0,
    "overall_accuracy": 0.0
  }
}