{
  "timestamp": "2025-11-17T23:07:37.206283+00:00",
  "iteration": 1,
  "pairs": {
    "EUR/USD": {
      "signals": {
        "15m": {
          "signal": 1,
          "sgd_pred": 1,
          "rf_pred": 1,
          "live": 1.1595547199249268,
          "SL": 1.15879,
          "TP": 1.16032,
          "confidence": 1.0,
          "timeframe": "15m"
        },
        "1d": {
          "signal": 0,
          "sgd_pred": 0,
          "rf_pred": 0,
          "live": 1.159,
          "SL": 1.14762,
          "TP": 1.17038,
          "confidence": 0.0,
          "timeframe": "1d"
        },
        "1m": {
          "signal": 1,
          "sgd_pred": 1,
          "rf_pred": 0,
          "live": 1.1595547199249268,
          "SL": 1.1594,
          "TP": 1.15971,
          "confidence": 0.5,
          "timeframe": "1m"
        },
        "1h": {
          "signal": 1,
          "sgd_pred": 1,
          "rf_pred": 1,
          "live": 1.1595547199249268,
          "SL": 1.15786,
          "TP": 1.16125,
          "confidence": 1.0,
          "timeframe": "1h"
        },
        "5m": {
          "signal": 0,
          "sgd_pred": 0,
          "rf_pred": 0,
          "live": 1.1595547199249268,
          "SL": 1.15909,
          "TP": 1.16002,
          "confidence": 0.0,
          "timeframe": "5m"
        }
      },
      "aggregated": "SHORT"
    },
    "GBP/USD": {
      "signals": {
        "15m": {
          "signal": 0,
          "sgd_pred": 0,
          "rf_pred": 0,
          "live": 1.315495252609253,
          "SL": 1.31442,
          "TP": 1.31657,
          "confidence": 0.0,
          "timeframe": "15m"
        },
        "1h": {
          "signal": 0,
          "sgd_pred": 0,
          "rf_pred": 0,
          "live": 1.315495252609253,
          "SL": 1.31272,
          "TP": 1.31827,
          "confidence": 0.0,
          "timeframe": "1h"
        },
        "5m": {
          "signal": 0,
          "sgd_pred": 0,
          "rf_pred": 0,
          "live": 1.315495252609253,
          "SL": 1.315,
          "TP": 1.31599,
          "confidence": 0.0,
          "timeframe": "5m"
        },
        "1m": {
          "signal": 0,
          "sgd_pred": 0,
          "rf_pred": 0,
          "live": 1.315495252609253,
          "SL": 1.31533,
          "TP": 1.31566,
          "confidence": 0.0,
          "timeframe": "1m"
        },
        "1d": {
          "signal": 1,
          "sgd_pred": 0,
          "rf_pred": 1,
          "live": 1.315495252609253,
          "SL": 1.29815,
          "TP": 1.33284,
          "confidence": 0.5,
          "timeframe": "1d"
        }
      },
      "aggregated": "LONG"
    },
    "USD/JPY": {
      "signals": {
        "1d": {
          "signal": 1,
          "sgd_pred": 1,
          "rf_pred": 1,
          "live": 155.19400024414062,
          "SL": 152.83685,
          "TP": 157.55115,
          "confidence": 1.0,
          "timeframe": "1d"
        },
        "1h": {
          "signal": 1,
          "sgd_pred": 1,
          "rf_pred": 1,
          "live": 155.19200134277344,
          "SL": 154.89458,
          "TP": 155.48942,
          "confidence": 1.0,
          "timeframe": "1h"
        },
        "5m": {
          "signal": 0,
          "sgd_pred": 0,
          "rf_pred": 0,
          "live": 155.18899536132812,
          "SL": 155.10013,
          "TP": 155.27786,
          "confidence": 0.0,
          "timeframe": "5m"
        },
        "1m": {
          "signal": 1,
          "sgd_pred": 1,
          "rf_pred": 1,
          "live": 155.197998046875,
          "SL": 155.14086,
          "TP": 155.25513,
          "confidence": 1.0,
          "timeframe": "1m"
        },
        "15m": {
          "signal": 1,
          "sgd_pred": 1,
          "rf_pred": 1,
          "live": 155.18899536132812,
          "SL": 155.05363,
          "TP": 155.32436,
          "confidence": 1.0,
          "timeframe": "15m"
        }
      },
      "aggregated": "LONG"
    },
    "AUD/USD": {
      "signals": {
        "1m": {
          "signal": 0,
          "sgd_pred": 0,
          "rf_pred": 0,
          "live": 0.6500259637832642,
          "SL": 0.64992,
          "TP": 0.65013,
          "confidence": 0.0,
          "timeframe": "1m"
        },
        "15m": {
          "signal": 1,
          "sgd_pred": 1,
          "rf_pred": 1,
          "live": 0.6500259637832642,
          "SL": 0.64946,
          "TP": 0.65059,
          "confidence": 1.0,
          "timeframe": "15m"
        },
        "1d": {
          "signal": 1,
          "sgd_pred": 1,
          "rf_pred": 1,
          "live": 0.6536,
          "SL": 0.64387,
          "TP": 0.66333,
          "confidence": 1.0,
          "timeframe": "1d"
        },
        "5m": {
          "signal": 0,
          "sgd_pred": 0,
          "rf_pred": 0,
          "live": 0.6500259637832642,
          "SL": 0.64982,
          "TP": 0.65023,
          "confidence": 0.0,
          "timeframe": "5m"
        },
        "1h": {
          "signal": 1,
          "sgd_pred": 1,
          "rf_pred": 1,
          "live": 0.6500259637832642,
          "SL": 0.6484,
          "TP": 0.65165,
          "confidence": 1.0,
          "timeframe": "1h"
        }
      },
      "aggregated": "LONG"
    }
  },
  "database_stats": {
    "pending_trades": 0,
    "completed_trades": 0,
    "total_pnl": 0.0,
    "overall_accuracy": 0.0
  }
}