{
  "timestamp": "2025-11-20T16:27:43.700127+00:00",
  "iteration": 1,
  "pairs": {
    "EUR/USD": {
      "signals": {
        "15m": {
          "signal": 1,
          "sgd_pred": 1,
          "rf_pred": 0,
          "live": 1.154068112373352,
          "SL": 1.15272,
          "TP": 1.15542,
          "confidence": 0.5,
          "timeframe": "15m"
        },
        "1d": {
          "signal": 0,
          "sgd_pred": 0,
          "rf_pred": 0,
          "live": 1.1536,
          "SL": 1.14215,
          "TP": 1.16505,
          "confidence": 0.0,
          "timeframe": "1d"
        },
        "1m": {
          "signal": 0,
          "sgd_pred": 0,
          "rf_pred": 0,
          "live": 1.154068112373352,
          "SL": 1.15381,
          "TP": 1.15432,
          "confidence": 0.0,
          "timeframe": "1m"
        },
        "1h": {
          "signal": 1,
          "sgd_pred": 1,
          "rf_pred": 1,
          "live": 1.154068112373352,
          "SL": 1.15173,
          "TP": 1.15641,
          "confidence": 1.0,
          "timeframe": "1h"
        },
        "5m": {
          "signal": 0,
          "sgd_pred": 0,
          "rf_pred": 0,
          "live": 1.154068112373352,
          "SL": 1.15322,
          "TP": 1.15492,
          "confidence": 0.0,
          "timeframe": "5m"
        }
      },
      "aggregated": "SHORT"
    },
    "GBP/USD": {
      "signals": {
        "15m": {
          "signal": 0,
          "sgd_pred": 0,
          "rf_pred": 0,
          "live": 1.3094489574432373,
          "SL": 1.30738,
          "TP": 1.31152,
          "confidence": 0.0,
          "timeframe": "15m"
        },
        "1h": {
          "signal": 1,
          "sgd_pred": 1,
          "rf_pred": 1,
          "live": 1.3094489574432373,
          "SL": 1.30596,
          "TP": 1.31294,
          "confidence": 1.0,
          "timeframe": "1h"
        },
        "5m": {
          "signal": 0,
          "sgd_pred": 0,
          "rf_pred": 0,
          "live": 1.3094489574432373,
          "SL": 1.30836,
          "TP": 1.31053,
          "confidence": 0.0,
          "timeframe": "5m"
        },
        "1m": {
          "signal": 0,
          "sgd_pred": 0,
          "rf_pred": 0,
          "live": 1.3094489574432373,
          "SL": 1.30918,
          "TP": 1.30972,
          "confidence": 0.0,
          "timeframe": "1m"
        },
        "1d": {
          "signal": 0,
          "sgd_pred": 0,
          "rf_pred": 0,
          "live": 1.3094489574432373,
          "SL": 1.2918,
          "TP": 1.3271,
          "confidence": 0.0,
          "timeframe": "1d"
        }
      },
      "aggregated": "SHORT"
    },
    "USD/JPY": {
      "signals": {
        "1d": {
          "signal": 1,
          "sgd_pred": 1,
          "rf_pred": 1,
          "live": 157.48199462890625,
          "SL": 154.92437,
          "TP": 160.03962,
          "confidence": 1.0,
          "timeframe": "1d"
        },
        "1h": {
          "signal": 0,
          "sgd_pred": 0,
          "rf_pred": 0,
          "live": 157.49600219726562,
          "SL": 156.92844,
          "TP": 158.06357,
          "confidence": 0.0,
          "timeframe": "1h"
        },
        "5m": {
          "signal": 1,
          "sgd_pred": 1,
          "rf_pred": 1,
          "live": 157.50599670410156,
          "SL": 157.27393,
          "TP": 157.73807,
          "confidence": 1.0,
          "timeframe": "5m"
        },
        "1m": {
          "signal": 1,
          "sgd_pred": 1,
          "rf_pred": 1,
          "live": 157.49400329589844,
          "SL": 157.37841,
          "TP": 157.6096,
          "confidence": 1.0,
          "timeframe": "1m"
        },
        "15m": {
          "signal": 1,
          "sgd_pred": 1,
          "rf_pred": 1,
          "live": 157.5019989013672,
          "SL": 157.14253,
          "TP": 157.86147,
          "confidence": 1.0,
          "timeframe": "15m"
        }
      },
      "aggregated": "LONG"
    },
    "AUD/USD": {
      "signals": {
        "1m": {
          "signal": 0,
          "sgd_pred": 0,
          "rf_pred": 0,
          "live": 0.6467886567115784,
          "SL": 0.64647,
          "TP": 0.64711,
          "confidence": 0.0,
          "timeframe": "1m"
        },
        "15m": {
          "signal": 0,
          "sgd_pred": 0,
          "rf_pred": 0,
          "live": 0.6467886567115784,
          "SL": 0.64564,
          "TP": 0.64793,
          "confidence": 0.0,
          "timeframe": "15m"
        },
        "1d": {
          "signal": 0,
          "sgd_pred": 0,
          "rf_pred": 0,
          "live": 0.6477,
          "SL": 0.63759,
          "TP": 0.65781,
          "confidence": 0.0,
          "timeframe": "1d"
        },
        "5m": {
          "signal": 0,
          "sgd_pred": 0,
          "rf_pred": 0,
          "live": 0.6467886567115784,
          "SL": 0.64617,
          "TP": 0.64741,
          "confidence": 0.0,
          "timeframe": "5m"
        },
        "1h": {
          "signal": 0,
          "sgd_pred": 0,
          "rf_pred": 0,
          "live": 0.6467886567115784,
          "SL": 0.64469,
          "TP": 0.64888,
          "confidence": 0.0,
          "timeframe": "1h"
        }
      },
      "aggregated": "SHORT"
    }
  },
  "database_stats": {
    "pending_trades": 0,
    "completed_trades": 0,
    "total_pnl": 0.0,
    "overall_accuracy": 0.0
  }
}