{
  "timestamp": "2025-11-16T23:03:41.529829+00:00",
  "iteration": 1,
  "pairs": {
    "EUR/USD": {
      "signals": {
        "15m": {
          "signal": 0,
          "sgd_pred": 0,
          "rf_pred": 0,
          "live": 1.162520408630371,
          "SL": 1.16182,
          "TP": 1.16322,
          "confidence": 0.0,
          "timeframe": "15m"
        },
        "1d": {
          "signal": 0,
          "sgd_pred": 0,
          "rf_pred": 0,
          "live": 1.162,
          "SL": 1.1504,
          "TP": 1.1736,
          "confidence": 0.0,
          "timeframe": "1d"
        },
        "1m": {
          "signal": 0,
          "sgd_pred": 0,
          "rf_pred": 0,
          "live": 1.162520408630371,
          "SL": 1.16249,
          "TP": 1.16255,
          "confidence": 0.0,
          "timeframe": "1m"
        },
        "1h": {
          "signal": 0,
          "sgd_pred": 0,
          "rf_pred": 0,
          "live": 1.162520408630371,
          "SL": 1.16047,
          "TP": 1.16457,
          "confidence": 0.0,
          "timeframe": "1h"
        },
        "5m": {
          "signal": 0,
          "sgd_pred": 0,
          "rf_pred": 0,
          "live": 1.162520408630371,
          "SL": 1.16224,
          "TP": 1.1628,
          "confidence": 0.0,
          "timeframe": "5m"
        }
      },
      "aggregated": "SHORT"
    },
    "GBP/USD": {
      "signals": {
        "15m": {
          "signal": 1,
          "sgd_pred": 1,
          "rf_pred": 0,
          "live": 1.3171932697296145,
          "SL": 1.31606,
          "TP": 1.31833,
          "confidence": 0.5,
          "timeframe": "15m"
        },
        "1h": {
          "signal": 0,
          "sgd_pred": 0,
          "rf_pred": 0,
          "live": 1.3171932697296145,
          "SL": 1.3135,
          "TP": 1.32089,
          "confidence": 0.0,
          "timeframe": "1h"
        },
        "5m": {
          "signal": 0,
          "sgd_pred": 0,
          "rf_pred": 0,
          "live": 1.3171932697296145,
          "SL": 1.31685,
          "TP": 1.31753,
          "confidence": 0.0,
          "timeframe": "5m"
        },
        "1m": {
          "signal": 1,
          "sgd_pred": 1,
          "rf_pred": 0,
          "live": 1.3171932697296145,
          "SL": 1.31717,
          "TP": 1.31722,
          "confidence": 0.5,
          "timeframe": "1m"
        },
        "1d": {
          "signal": 1,
          "sgd_pred": 1,
          "rf_pred": 1,
          "live": 1.3170719146728516,
          "SL": 1.29942,
          "TP": 1.33472,
          "confidence": 1.0,
          "timeframe": "1d"
        }
      },
      "aggregated": "LONG"
    },
    "USD/JPY": {
      "signals": {
        "1d": {
          "signal": 0,
          "sgd_pred": 0,
          "rf_pred": 0,
          "live": 154.45599365234375,
          "SL": 152.14414,
          "TP": 156.76785,
          "confidence": 0.0,
          "timeframe": "1d"
        },
        "1h": {
          "signal": 0,
          "sgd_pred": 0,
          "rf_pred": 0,
          "live": 154.4929962158203,
          "SL": 154.05865,
          "TP": 154.92734,
          "confidence": 0.0,
          "timeframe": "1h"
        },
        "5m": {
          "signal": 0,
          "sgd_pred": 0,
          "rf_pred": 0,
          "live": 154.4929962158203,
          "SL": 154.41501,
          "TP": 154.57099,
          "confidence": 0.0,
          "timeframe": "5m"
        },
        "1m": {
          "signal": 0,
          "sgd_pred": 0,
          "rf_pred": 0,
          "live": 154.4929962158203,
          "SL": 154.42915,
          "TP": 154.55684,
          "confidence": 0.0,
          "timeframe": "1m"
        },
        "15m": {
          "signal": 0,
          "sgd_pred": 0,
          "rf_pred": 0,
          "live": 154.4929962158203,
          "SL": 154.32941,
          "TP": 154.65659,
          "confidence": 0.0,
          "timeframe": "15m"
        }
      },
      "aggregated": "SHORT"
    },
    "AUD/USD": {
      "signals": {
        "1m": {
          "signal": 0,
          "sgd_pred": 0,
          "rf_pred": 0,
          "live": 0.6538939476013184,
          "SL": 0.65385,
          "TP": 0.65394,
          "confidence": 0.0,
          "timeframe": "1m"
        },
        "15m": {
          "signal": 0,
          "sgd_pred": 0,
          "rf_pred": 0,
          "live": 0.6538939476013184,
          "SL": 0.65331,
          "TP": 0.65448,
          "confidence": 0.0,
          "timeframe": "15m"
        },
        "1d": {
          "signal": 1,
          "sgd_pred": 1,
          "rf_pred": 1,
          "live": 0.6536,
          "SL": 0.64387,
          "TP": 0.66333,
          "confidence": 1.0,
          "timeframe": "1d"
        },
        "5m": {
          "signal": 0,
          "sgd_pred": 0,
          "rf_pred": 0,
          "live": 0.6538939476013184,
          "SL": 0.65372,
          "TP": 0.65407,
          "confidence": 0.0,
          "timeframe": "5m"
        },
        "1h": {
          "signal": 1,
          "sgd_pred": 1,
          "rf_pred": 1,
          "live": 0.6538939476013184,
          "SL": 0.65223,
          "TP": 0.65555,
          "confidence": 1.0,
          "timeframe": "1h"
        }
      },
      "aggregated": "LONG"
    }
  },
  "database_stats": {
    "pending_trades": 0,
    "completed_trades": 0,
    "total_pnl": 0.0,
    "overall_accuracy": 0.0
  }
}