{
  "timestamp": "2025-11-17T21:38:15.596031+00:00",
  "iteration": 1,
  "pairs": {
    "EUR/USD": {
      "signals": {
        "15m": {
          "signal": 1,
          "sgd_pred": 1,
          "rf_pred": 1,
          "live": 1.1594202518463137,
          "SL": 1.15873,
          "TP": 1.16011,
          "confidence": 1.0,
          "timeframe": "15m"
        },
        "1d": {
          "signal": 0,
          "sgd_pred": 0,
          "rf_pred": 0,
          "live": 1.162,
          "SL": 1.1504,
          "TP": 1.1736,
          "confidence": 0.0,
          "timeframe": "1d"
        },
        "1m": {
          "signal": 1,
          "sgd_pred": 1,
          "rf_pred": 1,
          "live": 1.1595547199249268,
          "SL": 1.1595,
          "TP": 1.15961,
          "confidence": 1.0,
          "timeframe": "1m"
        },
        "1h": {
          "signal": 1,
          "sgd_pred": 1,
          "rf_pred": 1,
          "live": 1.1594202518463137,
          "SL": 1.15768,
          "TP": 1.16116,
          "confidence": 1.0,
          "timeframe": "1h"
        },
        "5m": {
          "signal": 1,
          "sgd_pred": 1,
          "rf_pred": 1,
          "live": 1.1595547199249268,
          "SL": 1.15928,
          "TP": 1.15983,
          "confidence": 1.0,
          "timeframe": "5m"
        }
      },
      "aggregated": "SHORT"
    },
    "GBP/USD": {
      "signals": {
        "15m": {
          "signal": 1,
          "sgd_pred": 1,
          "rf_pred": 1,
          "live": 1.315893292427063,
          "SL": 1.31479,
          "TP": 1.317,
          "confidence": 1.0,
          "timeframe": "15m"
        },
        "1h": {
          "signal": 1,
          "sgd_pred": 1,
          "rf_pred": 1,
          "live": 1.315893292427063,
          "SL": 1.31295,
          "TP": 1.31884,
          "confidence": 1.0,
          "timeframe": "1h"
        },
        "5m": {
          "signal": 0,
          "sgd_pred": 0,
          "rf_pred": 0,
          "live": 1.315893292427063,
          "SL": 1.31548,
          "TP": 1.3163,
          "confidence": 0.0,
          "timeframe": "5m"
        },
        "1m": {
          "signal": 1,
          "sgd_pred": 1,
          "rf_pred": 1,
          "live": 1.315893292427063,
          "SL": 1.3158,
          "TP": 1.31599,
          "confidence": 1.0,
          "timeframe": "1m"
        },
        "1d": {
          "signal": 1,
          "sgd_pred": 1,
          "rf_pred": 1,
          "live": 1.315893292427063,
          "SL": 1.29782,
          "TP": 1.33396,
          "confidence": 1.0,
          "timeframe": "1d"
        }
      },
      "aggregated": "LONG"
    },
    "USD/JPY": {
      "signals": {
        "1d": {
          "signal": 1,
          "sgd_pred": 1,
          "rf_pred": 1,
          "live": 155.22500610351562,
          "SL": 152.81729,
          "TP": 157.63272,
          "confidence": 1.0,
          "timeframe": "1d"
        },
        "1h": {
          "signal": 0,
          "sgd_pred": 0,
          "rf_pred": 0,
          "live": 155.2220001220703,
          "SL": 154.91687,
          "TP": 155.52713,
          "confidence": 0.0,
          "timeframe": "1h"
        },
        "5m": {
          "signal": 0,
          "sgd_pred": 0,
          "rf_pred": 0,
          "live": 155.2220001220703,
          "SL": 155.15763,
          "TP": 155.28637,
          "confidence": 0.0,
          "timeframe": "5m"
        },
        "1m": {
          "signal": 1,
          "sgd_pred": 0,
          "rf_pred": 1,
          "live": 155.2220001220703,
          "SL": 155.19723,
          "TP": 155.24677,
          "confidence": 0.5,
          "timeframe": "1m"
        },
        "15m": {
          "signal": 0,
          "sgd_pred": 0,
          "rf_pred": 0,
          "live": 155.2220001220703,
          "SL": 155.08953,
          "TP": 155.35447,
          "confidence": 0.0,
          "timeframe": "15m"
        }
      },
      "aggregated": "SHORT"
    },
    "AUD/USD": {
      "signals": {
        "1m": {
          "signal": 0,
          "sgd_pred": 0,
          "rf_pred": 0,
          "live": 0.6494349837303162,
          "SL": 0.64933,
          "TP": 0.64954,
          "confidence": 0.0,
          "timeframe": "1m"
        },
        "15m": {
          "signal": 1,
          "sgd_pred": 1,
          "rf_pred": 1,
          "live": 0.6494349837303162,
          "SL": 0.64877,
          "TP": 0.6501,
          "confidence": 1.0,
          "timeframe": "15m"
        },
        "1d": {
          "signal": 1,
          "sgd_pred": 1,
          "rf_pred": 1,
          "live": 0.6536,
          "SL": 0.64387,
          "TP": 0.66333,
          "confidence": 1.0,
          "timeframe": "1d"
        },
        "5m": {
          "signal": 0,
          "sgd_pred": 0,
          "rf_pred": 0,
          "live": 0.6494349837303162,
          "SL": 0.64918,
          "TP": 0.64969,
          "confidence": 0.0,
          "timeframe": "5m"
        },
        "1h": {
          "signal": 0,
          "sgd_pred": 0,
          "rf_pred": 0,
          "live": 0.6494349837303162,
          "SL": 0.64767,
          "TP": 0.6512,
          "confidence": 0.0,
          "timeframe": "1h"
        }
      },
      "aggregated": "LONG"
    }
  },
  "database_stats": {
    "pending_trades": 0,
    "completed_trades": 0,
    "total_pnl": 0.0,
    "overall_accuracy": 0.0
  }
}