{
  "timestamp": "2025-11-18T00:48:14.005305+00:00",
  "iteration": 1,
  "pairs": {
    "EUR/USD": {
      "signals": {
        "15m": {
          "signal": 0,
          "sgd_pred": 0,
          "rf_pred": 0,
          "live": 1.159151554107666,
          "SL": 1.15842,
          "TP": 1.15988,
          "confidence": 0.0,
          "timeframe": "15m"
        },
        "1d": {
          "signal": 0,
          "sgd_pred": 0,
          "rf_pred": 0,
          "live": 1.159,
          "SL": 1.14762,
          "TP": 1.17038,
          "confidence": 0.0,
          "timeframe": "1d"
        },
        "1m": {
          "signal": 0,
          "sgd_pred": 0,
          "rf_pred": 0,
          "live": 1.159151554107666,
          "SL": 1.15902,
          "TP": 1.15928,
          "confidence": 0.0,
          "timeframe": "1m"
        },
        "1h": {
          "signal": 0,
          "sgd_pred": 0,
          "rf_pred": 0,
          "live": 1.159151554107666,
          "SL": 1.15742,
          "TP": 1.16089,
          "confidence": 0.0,
          "timeframe": "1h"
        },
        "5m": {
          "signal": 0,
          "sgd_pred": 0,
          "rf_pred": 0,
          "live": 1.159151554107666,
          "SL": 1.15872,
          "TP": 1.15958,
          "confidence": 0.0,
          "timeframe": "5m"
        }
      },
      "aggregated": "SHORT"
    },
    "GBP/USD": {
      "signals": {
        "15m": {
          "signal": 0,
          "sgd_pred": 0,
          "rf_pred": 0,
          "live": 1.31483793258667,
          "SL": 1.31383,
          "TP": 1.31585,
          "confidence": 0.0,
          "timeframe": "15m"
        },
        "1h": {
          "signal": 0,
          "sgd_pred": 0,
          "rf_pred": 0,
          "live": 1.31483793258667,
          "SL": 1.31195,
          "TP": 1.31773,
          "confidence": 0.0,
          "timeframe": "1h"
        },
        "5m": {
          "signal": 0,
          "sgd_pred": 0,
          "rf_pred": 0,
          "live": 1.31483793258667,
          "SL": 1.31432,
          "TP": 1.31535,
          "confidence": 0.0,
          "timeframe": "5m"
        },
        "1m": {
          "signal": 0,
          "sgd_pred": 0,
          "rf_pred": 0,
          "live": 1.31483793258667,
          "SL": 1.31472,
          "TP": 1.31496,
          "confidence": 0.0,
          "timeframe": "1m"
        },
        "1d": {
          "signal": 0,
          "sgd_pred": 0,
          "rf_pred": 0,
          "live": 1.31483793258667,
          "SL": 1.29784,
          "TP": 1.33184,
          "confidence": 0.0,
          "timeframe": "1d"
        }
      },
      "aggregated": "SHORT"
    },
    "USD/JPY": {
      "signals": {
        "1d": {
          "signal": 1,
          "sgd_pred": 1,
          "rf_pred": 1,
          "live": 155.2270050048828,
          "SL": 152.89323,
          "TP": 157.56078,
          "confidence": 1.0,
          "timeframe": "1d"
        },
        "1h": {
          "signal": 1,
          "sgd_pred": 1,
          "rf_pred": 1,
          "live": 155.22799682617188,
          "SL": 154.91686,
          "TP": 155.53913,
          "confidence": 1.0,
          "timeframe": "1h"
        },
        "5m": {
          "signal": 1,
          "sgd_pred": 1,
          "rf_pred": 1,
          "live": 155.23399353027344,
          "SL": 155.13147,
          "TP": 155.33651,
          "confidence": 1.0,
          "timeframe": "5m"
        },
        "1m": {
          "signal": 1,
          "sgd_pred": 1,
          "rf_pred": 1,
          "live": 155.23699951171875,
          "SL": 155.18471,
          "TP": 155.28929,
          "confidence": 1.0,
          "timeframe": "1m"
        },
        "15m": {
          "signal": 1,
          "sgd_pred": 1,
          "rf_pred": 1,
          "live": 155.2220001220703,
          "SL": 155.08197,
          "TP": 155.36203,
          "confidence": 1.0,
          "timeframe": "15m"
        }
      },
      "aggregated": "LONG"
    },
    "AUD/USD": {
      "signals": {
        "1m": {
          "signal": 1,
          "sgd_pred": 1,
          "rf_pred": 1,
          "live": 0.6485925316810608,
          "SL": 0.64844,
          "TP": 0.64874,
          "confidence": 1.0,
          "timeframe": "1m"
        },
        "15m": {
          "signal": 1,
          "sgd_pred": 1,
          "rf_pred": 1,
          "live": 0.6485925316810608,
          "SL": 0.64796,
          "TP": 0.64922,
          "confidence": 1.0,
          "timeframe": "15m"
        },
        "1d": {
          "signal": 0,
          "sgd_pred": 0,
          "rf_pred": 0,
          "live": 0.6492,
          "SL": 0.63935,
          "TP": 0.65905,
          "confidence": 0.0,
          "timeframe": "1d"
        },
        "5m": {
          "signal": 1,
          "sgd_pred": 0,
          "rf_pred": 1,
          "live": 0.6485925316810608,
          "SL": 0.6483,
          "TP": 0.64889,
          "confidence": 0.5,
          "timeframe": "5m"
        },
        "1h": {
          "signal": 0,
          "sgd_pred": 0,
          "rf_pred": 0,
          "live": 0.6485925316810608,
          "SL": 0.64682,
          "TP": 0.65037,
          "confidence": 0.0,
          "timeframe": "1h"
        }
      },
      "aggregated": "SHORT"
    }
  },
  "database_stats": {
    "pending_trades": 0,
    "completed_trades": 0,
    "total_pnl": 0.0,
    "overall_accuracy": 0.0
  }
}