{
  "EUR/USD": {
    "signals": {
      "15m": {
        "signal": 0,
        "sgd_pred": 0,
        "rf_pred": 0,
        "live": 1.1588828563690186,
        "SL": 1.15809,
        "TP": 1.15967,
        "confidence": 0.0,
        "timeframe": "15m"
      },
      "1d": {
        "signal": 0,
        "sgd_pred": 0,
        "rf_pred": 0,
        "live": 1.1588828563690186,
        "SL": 1.14694,
        "TP": 1.17083,
        "confidence": 0.0,
        "timeframe": "1d"
      },
      "1m": {
        "signal": 0,
        "sgd_pred": 0,
        "rf_pred": 0,
        "live": 1.1588828563690186,
        "SL": 1.15859,
        "TP": 1.15918,
        "confidence": 0.0,
        "timeframe": "1m"
      },
      "1h": {
        "signal": 0,
        "sgd_pred": 0,
        "rf_pred": 0,
        "live": 1.1588828563690186,
        "SL": 1.15739,
        "TP": 1.16037,
        "confidence": 0.0,
        "timeframe": "1h"
      },
      "5m": {
        "signal": 0,
        "sgd_pred": 0,
        "rf_pred": 0,
        "live": 1.1588828563690186,
        "SL": 1.15832,
        "TP": 1.15945,
        "confidence": 0.0,
        "timeframe": "5m"
      }
    },
    "aggregated": "SHORT"
  },
  "GBP/USD": {
    "signals": {
      "15m": {
        "signal": 1,
        "sgd_pred": 1,
        "rf_pred": 1,
        "live": 1.323346495628357,
        "SL": 1.32239,
        "TP": 1.32431,
        "confidence": 1.0,
        "timeframe": "15m"
      },
      "1h": {
        "signal": 1,
        "sgd_pred": 1,
        "rf_pred": 1,
        "live": 1.323346495628357,
        "SL": 1.32127,
        "TP": 1.32543,
        "confidence": 1.0,
        "timeframe": "1h"
      },
      "5m": {
        "signal": 1,
        "sgd_pred": 1,
        "rf_pred": 1,
        "live": 1.323346495628357,
        "SL": 1.32276,
        "TP": 1.32394,
        "confidence": 1.0,
        "timeframe": "5m"
      },
      "1m": {
        "signal": 1,
        "sgd_pred": 1,
        "rf_pred": 1,
        "live": 1.323346495628357,
        "SL": 1.32308,
        "TP": 1.32362,
        "confidence": 1.0,
        "timeframe": "1m"
      },
      "1d": {
        "signal": 0,
        "sgd_pred": 0,
        "rf_pred": 0,
        "live": 1.323346495628357,
        "SL": 1.30657,
        "TP": 1.34012,
        "confidence": 0.0,
        "timeframe": "1d"
      }
    },
    "aggregated": "SHORT"
  },
  "USD/JPY": {
    "signals": {
      "1d": {
        "signal": 1,
        "sgd_pred": 1,
        "rf_pred": 1,
        "live": 156.37899780273438,
        "SL": 154.08146,
        "TP": 158.67653,
        "confidence": 1.0,
        "timeframe": "1d"
      },
      "1h": {
        "signal": 1,
        "sgd_pred": 1,
        "rf_pred": 1,
        "live": 156.38299560546875,
        "SL": 156.05665,
        "TP": 156.70935,
        "confidence": 1.0,
        "timeframe": "1h"
      },
      "5m": {
        "signal": 1,
        "sgd_pred": 1,
        "rf_pred": 1,
        "live": 156.38299560546875,
        "SL": 156.21453,
        "TP": 156.55147,
        "confidence": 1.0,
        "timeframe": "5m"
      },
      "1m": {
        "signal": 1,
        "sgd_pred": 1,
        "rf_pred": 1,
        "live": 156.3820037841797,
        "SL": 156.26876,
        "TP": 156.49525,
        "confidence": 1.0,
        "timeframe": "1m"
      },
      "15m": {
        "signal": 1,
        "sgd_pred": 1,
        "rf_pred": 1,
        "live": 156.38099670410156,
        "SL": 156.17978,
        "TP": 156.58221,
        "confidence": 1.0,
        "timeframe": "15m"
      }
    },
    "aggregated": "LONG"
  },
  "AUD/USD": {
    "signals": {
      "1m": {
        "signal": 0,
        "sgd_pred": 0,
        "rf_pred": 0,
        "live": 0.6530399322509766,
        "SL": 0.65288,
        "TP": 0.6532,
        "confidence": 0.0,
        "timeframe": "1m"
      },
      "15m": {
        "signal": 0,
        "sgd_pred": 0,
        "rf_pred": 0,
        "live": 0.6530399322509766,
        "SL": 0.65251,
        "TP": 0.65357,
        "confidence": 0.0,
        "timeframe": "15m"
      },
      "1d": {
        "signal": 1,
        "sgd_pred": 1,
        "rf_pred": 1,
        "live": 0.6530399322509766,
        "SL": 0.64336,
        "TP": 0.66271,
        "confidence": 1.0,
        "timeframe": "1d"
      },
      "5m": {
        "signal": 0,
        "sgd_pred": 0,
        "rf_pred": 0,
        "live": 0.6530399322509766,
        "SL": 0.65273,
        "TP": 0.65335,
        "confidence": 0.0,
        "timeframe": "5m"
      },
      "1h": {
        "signal": 0,
        "sgd_pred": 0,
        "rf_pred": 0,
        "live": 0.6530399322509766,
        "SL": 0.65207,
        "TP": 0.65401,
        "confidence": 0.0,
        "timeframe": "1h"
      }
    },
    "aggregated": "SHORT"
  }
}