{
  "EUR/USD": {
    "signals": {
      "15m": {
        "signal": 1,
        "sgd_pred": 1,
        "rf_pred": 1,
        "live": 1.1606314182281494,
        "SL": 1.15996,
        "TP": 1.1613,
        "confidence": 1.0,
        "timeframe": "15m"
      },
      "1d": {
        "signal": 1,
        "sgd_pred": 1,
        "rf_pred": 1,
        "live": 1.1606314182281494,
        "SL": 1.14808,
        "TP": 1.17319,
        "confidence": 1.0,
        "timeframe": "1d"
      },
      "1m": {
        "signal": 0,
        "sgd_pred": 0,
        "rf_pred": 0,
        "live": 1.1606314182281494,
        "SL": 1.16053,
        "TP": 1.16073,
        "confidence": 0.0,
        "timeframe": "1m"
      },
      "1h": {
        "signal": 1,
        "sgd_pred": 1,
        "rf_pred": 1,
        "live": 1.1606314182281494,
        "SL": 1.15877,
        "TP": 1.16249,
        "confidence": 1.0,
        "timeframe": "1h"
      },
      "5m": {
        "signal": 0,
        "sgd_pred": 0,
        "rf_pred": 0,
        "live": 1.1606314182281494,
        "SL": 1.16028,
        "TP": 1.16098,
        "confidence": 0.0,
        "timeframe": "5m"
      }
    },
    "aggregated": "SHORT"
  },
  "GBP/USD": {
    "signals": {
      "15m": {
        "signal": 1,
        "sgd_pred": 1,
        "rf_pred": 1,
        "live": 1.3260489702224731,
        "SL": 1.32499,
        "TP": 1.32711,
        "confidence": 1.0,
        "timeframe": "15m"
      },
      "1h": {
        "signal": 1,
        "sgd_pred": 1,
        "rf_pred": 1,
        "live": 1.3260489702224731,
        "SL": 1.32323,
        "TP": 1.32887,
        "confidence": 1.0,
        "timeframe": "1h"
      },
      "5m": {
        "signal": 0,
        "sgd_pred": 0,
        "rf_pred": 0,
        "live": 1.3260489702224731,
        "SL": 1.32548,
        "TP": 1.32662,
        "confidence": 0.0,
        "timeframe": "5m"
      },
      "1m": {
        "signal": 0,
        "sgd_pred": 0,
        "rf_pred": 0,
        "live": 1.3260489702224731,
        "SL": 1.32587,
        "TP": 1.32622,
        "confidence": 0.0,
        "timeframe": "1m"
      },
      "1d": {
        "signal": 1,
        "sgd_pred": 1,
        "rf_pred": 1,
        "live": 1.3260489702224731,
        "SL": 1.30827,
        "TP": 1.34383,
        "confidence": 1.0,
        "timeframe": "1d"
      }
    },
    "aggregated": "LONG"
  },
  "USD/JPY": {
    "signals": {
      "1d": {
        "signal": 0,
        "sgd_pred": 0,
        "rf_pred": 0,
        "live": 155.91299438476562,
        "SL": 153.51044,
        "TP": 158.31555,
        "confidence": 0.0,
        "timeframe": "1d"
      },
      "1h": {
        "signal": 0,
        "sgd_pred": 0,
        "rf_pred": 0,
        "live": 155.91000366210938,
        "SL": 155.49013,
        "TP": 156.32988,
        "confidence": 0.0,
        "timeframe": "1h"
      },
      "5m": {
        "signal": 0,
        "sgd_pred": 0,
        "rf_pred": 0,
        "live": 155.9080047607422,
        "SL": 155.78921,
        "TP": 156.0268,
        "confidence": 0.0,
        "timeframe": "5m"
      },
      "1m": {
        "signal": 1,
        "sgd_pred": 0,
        "rf_pred": 1,
        "live": 155.91099548339844,
        "SL": 155.86114,
        "TP": 155.96085,
        "confidence": 0.5,
        "timeframe": "1m"
      },
      "15m": {
        "signal": 0,
        "sgd_pred": 0,
        "rf_pred": 0,
        "live": 155.9080047607422,
        "SL": 155.68841,
        "TP": 156.1276,
        "confidence": 0.0,
        "timeframe": "15m"
      }
    },
    "aggregated": "SHORT"
  },
  "AUD/USD": {
    "signals": {
      "1m": {
        "signal": 1,
        "sgd_pred": 1,
        "rf_pred": 0,
        "live": 0.6538939476013184,
        "SL": 0.65378,
        "TP": 0.65401,
        "confidence": 0.5,
        "timeframe": "1m"
      },
      "15m": {
        "signal": 1,
        "sgd_pred": 1,
        "rf_pred": 1,
        "live": 0.6538939476013184,
        "SL": 0.65337,
        "TP": 0.65442,
        "confidence": 1.0,
        "timeframe": "15m"
      },
      "1d": {
        "signal": 1,
        "sgd_pred": 1,
        "rf_pred": 1,
        "live": 0.6538939476013184,
        "SL": 0.64375,
        "TP": 0.66403,
        "confidence": 1.0,
        "timeframe": "1d"
      },
      "5m": {
        "signal": 0,
        "sgd_pred": 0,
        "rf_pred": 0,
        "live": 0.6538939476013184,
        "SL": 0.65366,
        "TP": 0.65413,
        "confidence": 0.0,
        "timeframe": "5m"
      },
      "1h": {
        "signal": 1,
        "sgd_pred": 1,
        "rf_pred": 1,
        "live": 0.6538939476013184,
        "SL": 0.65255,
        "TP": 0.65524,
        "confidence": 1.0,
        "timeframe": "1h"
      }
    },
    "aggregated": "LONG"
  }
}