{
  "EUR/USD": {
    "signals": {
      "15m": {
        "signal": 0,
        "sgd_pred": 0,
        "rf_pred": 0,
        "live": 1.1595547199249268,
        "SL": 1.159,
        "TP": 1.16011,
        "confidence": 0.0,
        "timeframe": "15m"
      },
      "1d": {
        "signal": 1,
        "sgd_pred": 1,
        "rf_pred": 1,
        "live": 1.1595547199249268,
        "SL": 1.14698,
        "TP": 1.17213,
        "confidence": 1.0,
        "timeframe": "1d"
      },
      "1m": {
        "signal": 0,
        "sgd_pred": 0,
        "rf_pred": 0,
        "live": 1.1595547199249268,
        "SL": 1.15933,
        "TP": 1.15978,
        "confidence": 0.0,
        "timeframe": "1m"
      },
      "1h": {
        "signal": 0,
        "sgd_pred": 0,
        "rf_pred": 0,
        "live": 1.1595547199249268,
        "SL": 1.15797,
        "TP": 1.16114,
        "confidence": 0.0,
        "timeframe": "1h"
      },
      "5m": {
        "signal": 0,
        "sgd_pred": 0,
        "rf_pred": 0,
        "live": 1.1595547199249268,
        "SL": 1.15923,
        "TP": 1.15988,
        "confidence": 0.0,
        "timeframe": "5m"
      }
    },
    "aggregated": "SHORT"
  },
  "GBP/USD": {
    "signals": {
      "15m": {
        "signal": 0,
        "sgd_pred": 0,
        "rf_pred": 0,
        "live": 1.3238019943237305,
        "SL": 1.32307,
        "TP": 1.32454,
        "confidence": 0.0,
        "timeframe": "15m"
      },
      "1h": {
        "signal": 0,
        "sgd_pred": 0,
        "rf_pred": 0,
        "live": 1.3238019943237305,
        "SL": 1.32145,
        "TP": 1.32615,
        "confidence": 0.0,
        "timeframe": "1h"
      },
      "5m": {
        "signal": 1,
        "sgd_pred": 1,
        "rf_pred": 1,
        "live": 1.3238019943237305,
        "SL": 1.32352,
        "TP": 1.32409,
        "confidence": 1.0,
        "timeframe": "5m"
      },
      "1m": {
        "signal": 1,
        "sgd_pred": 1,
        "rf_pred": 1,
        "live": 1.3238019943237305,
        "SL": 1.32365,
        "TP": 1.32396,
        "confidence": 1.0,
        "timeframe": "1m"
      },
      "1d": {
        "signal": 1,
        "sgd_pred": 1,
        "rf_pred": 1,
        "live": 1.3238019943237305,
        "SL": 1.30602,
        "TP": 1.34158,
        "confidence": 1.0,
        "timeframe": "1d"
      }
    },
    "aggregated": "LONG"
  },
  "USD/JPY": {
    "signals": {
      "1d": {
        "signal": 1,
        "sgd_pred": 1,
        "rf_pred": 1,
        "live": 156.29800415039062,
        "SL": 153.89545,
        "TP": 158.70056,
        "confidence": 1.0,
        "timeframe": "1d"
      },
      "1h": {
        "signal": 1,
        "sgd_pred": 1,
        "rf_pred": 1,
        "live": 156.29800415039062,
        "SL": 156.02318,
        "TP": 156.57282,
        "confidence": 1.0,
        "timeframe": "1h"
      },
      "5m": {
        "signal": 1,
        "sgd_pred": 1,
        "rf_pred": 0,
        "live": 156.29800415039062,
        "SL": 156.25073,
        "TP": 156.34528,
        "confidence": 0.5,
        "timeframe": "5m"
      },
      "1m": {
        "signal": 0,
        "sgd_pred": 0,
        "rf_pred": 0,
        "live": 156.29600524902344,
        "SL": 156.26112,
        "TP": 156.33089,
        "confidence": 0.0,
        "timeframe": "1m"
      },
      "15m": {
        "signal": 1,
        "sgd_pred": 1,
        "rf_pred": 0,
        "live": 156.29800415039062,
        "SL": 156.21966,
        "TP": 156.37635,
        "confidence": 0.5,
        "timeframe": "15m"
      }
    },
    "aggregated": "LONG"
  },
  "AUD/USD": {
    "signals": {
      "1m": {
        "signal": 0,
        "sgd_pred": 0,
        "rf_pred": 0,
        "live": 0.6534666419029236,
        "SL": 0.6534,
        "TP": 0.65353,
        "confidence": 0.0,
        "timeframe": "1m"
      },
      "15m": {
        "signal": 0,
        "sgd_pred": 0,
        "rf_pred": 0,
        "live": 0.6534666419029236,
        "SL": 0.6532,
        "TP": 0.65373,
        "confidence": 0.0,
        "timeframe": "15m"
      },
      "1d": {
        "signal": 1,
        "sgd_pred": 1,
        "rf_pred": 1,
        "live": 0.6534666419029236,
        "SL": 0.6433,
        "TP": 0.66364,
        "confidence": 1.0,
        "timeframe": "1d"
      },
      "5m": {
        "signal": 1,
        "sgd_pred": 1,
        "rf_pred": 1,
        "live": 0.6534666419029236,
        "SL": 0.65335,
        "TP": 0.65358,
        "confidence": 1.0,
        "timeframe": "5m"
      },
      "1h": {
        "signal": 0,
        "sgd_pred": 0,
        "rf_pred": 0,
        "live": 0.6534666419029236,
        "SL": 0.65253,
        "TP": 0.6544,
        "confidence": 0.0,
        "timeframe": "1h"
      }
    },
    "aggregated": "SHORT"
  }
}