{
  "EUR/USD": {
    "signals": {
      "15m": {
        "signal": 0,
        "sgd_pred": 0,
        "rf_pred": 0,
        "live": 1.1519410610198977,
        "SL": 1.15105,
        "TP": 1.15284,
        "confidence": 0.0,
        "timeframe": "15m"
      },
      "1d": {
        "signal": 0,
        "sgd_pred": 0,
        "rf_pred": 0,
        "live": 1.151145339012146,
        "SL": 1.13924,
        "TP": 1.16305,
        "confidence": 0.0,
        "timeframe": "1d"
      },
      "1m": {
        "signal": 0,
        "sgd_pred": 0,
        "rf_pred": 0,
        "live": 1.1519410610198977,
        "SL": 1.15193,
        "TP": 1.15195,
        "confidence": 0.0,
        "timeframe": "1m"
      },
      "1h": {
        "signal": 1,
        "sgd_pred": 1,
        "rf_pred": 1,
        "live": 1.1519410610198977,
        "SL": 1.14976,
        "TP": 1.15412,
        "confidence": 1.0,
        "timeframe": "1h"
      },
      "5m": {
        "signal": 0,
        "sgd_pred": 0,
        "rf_pred": 0,
        "live": 1.1519410610198977,
        "SL": 1.15166,
        "TP": 1.15222,
        "confidence": 0.0,
        "timeframe": "5m"
      }
    },
    "aggregated": "SHORT"
  },
  "GBP/USD": {
    "signals": {
      "15m": {
        "signal": 0,
        "sgd_pred": 0,
        "rf_pred": 0,
        "live": 1.3097747564315796,
        "SL": 1.30873,
        "TP": 1.31082,
        "confidence": 0.0,
        "timeframe": "15m"
      },
      "1h": {
        "signal": 0,
        "sgd_pred": 0,
        "rf_pred": 0,
        "live": 1.3097747564315796,
        "SL": 1.30672,
        "TP": 1.31283,
        "confidence": 0.0,
        "timeframe": "1h"
      },
      "5m": {
        "signal": 1,
        "sgd_pred": 1,
        "rf_pred": 0,
        "live": 1.3097747564315796,
        "SL": 1.30945,
        "TP": 1.3101,
        "confidence": 0.5,
        "timeframe": "5m"
      },
      "1m": {
        "signal": 0,
        "sgd_pred": 0,
        "rf_pred": 0,
        "live": 1.3097747564315796,
        "SL": 1.30975,
        "TP": 1.3098,
        "confidence": 0.0,
        "timeframe": "1m"
      },
      "1d": {
        "signal": 1,
        "sgd_pred": 1,
        "rf_pred": 1,
        "live": 1.3094489574432373,
        "SL": 1.29304,
        "TP": 1.32586,
        "confidence": 1.0,
        "timeframe": "1d"
      }
    },
    "aggregated": "LONG"
  },
  "USD/JPY": {
    "signals": {
      "1d": {
        "signal": 0,
        "sgd_pred": 0,
        "rf_pred": 0,
        "live": 156.66200256347656,
        "SL": 154.13746,
        "TP": 159.18654,
        "confidence": 0.0,
        "timeframe": "1d"
      },
      "1h": {
        "signal": 0,
        "sgd_pred": 0,
        "rf_pred": 0,
        "live": 156.3780059814453,
        "SL": 155.84694,
        "TP": 156.90908,
        "confidence": 0.0,
        "timeframe": "1h"
      },
      "5m": {
        "signal": 1,
        "sgd_pred": 1,
        "rf_pred": 1,
        "live": 156.3780059814453,
        "SL": 156.23598,
        "TP": 156.52003,
        "confidence": 1.0,
        "timeframe": "5m"
      },
      "1m": {
        "signal": 0,
        "sgd_pred": 0,
        "rf_pred": 0,
        "live": 156.3780059814453,
        "SL": 156.28033,
        "TP": 156.47568,
        "confidence": 0.0,
        "timeframe": "1m"
      },
      "15m": {
        "signal": 0,
        "sgd_pred": 0,
        "rf_pred": 0,
        "live": 156.3780059814453,
        "SL": 156.11606,
        "TP": 156.63995,
        "confidence": 0.0,
        "timeframe": "15m"
      }
    },
    "aggregated": "SHORT"
  },
  "AUD/USD": {
    "signals": {
      "1m": {
        "signal": 0,
        "sgd_pred": 0,
        "rf_pred": 0,
        "live": 0.6458279490470886,
        "SL": 0.64578,
        "TP": 0.64587,
        "confidence": 0.0,
        "timeframe": "1m"
      },
      "15m": {
        "signal": 1,
        "sgd_pred": 1,
        "rf_pred": 0,
        "live": 0.6458279490470886,
        "SL": 0.64514,
        "TP": 0.64652,
        "confidence": 0.5,
        "timeframe": "15m"
      },
      "1d": {
        "signal": 1,
        "sgd_pred": 1,
        "rf_pred": 1,
        "live": 0.646328866481781,
        "SL": 0.63628,
        "TP": 0.65638,
        "confidence": 1.0,
        "timeframe": "1d"
      },
      "5m": {
        "signal": 0,
        "sgd_pred": 0,
        "rf_pred": 0,
        "live": 0.6458279490470886,
        "SL": 0.64565,
        "TP": 0.64601,
        "confidence": 0.0,
        "timeframe": "5m"
      },
      "1h": {
        "signal": 0,
        "sgd_pred": 0,
        "rf_pred": 0,
        "live": 0.6458279490470886,
        "SL": 0.64371,
        "TP": 0.64794,
        "confidence": 0.0,
        "timeframe": "1h"
      }
    },
    "aggregated": "SHORT"
  }
}