{
  "EUR/USD": {
    "signals": {
      "15m": {
        "signal": 0,
        "sgd_pred": 0,
        "rf_pred": 0,
        "live": 1.1590172052383425,
        "SL": 1.1583,
        "TP": 1.15974,
        "confidence": 0.0,
        "timeframe": "15m"
      },
      "1d": {
        "signal": 0,
        "sgd_pred": 0,
        "rf_pred": 0,
        "live": 1.1590172052383425,
        "SL": 1.14707,
        "TP": 1.17096,
        "confidence": 0.0,
        "timeframe": "1d"
      },
      "1m": {
        "signal": 0,
        "sgd_pred": 0,
        "rf_pred": 0,
        "live": 1.1590172052383425,
        "SL": 1.15887,
        "TP": 1.15917,
        "confidence": 0.0,
        "timeframe": "1m"
      },
      "1h": {
        "signal": 0,
        "sgd_pred": 0,
        "rf_pred": 0,
        "live": 1.1590172052383425,
        "SL": 1.15748,
        "TP": 1.16056,
        "confidence": 0.0,
        "timeframe": "1h"
      },
      "5m": {
        "signal": 0,
        "sgd_pred": 0,
        "rf_pred": 0,
        "live": 1.1590172052383425,
        "SL": 1.15858,
        "TP": 1.15946,
        "confidence": 0.0,
        "timeframe": "5m"
      }
    },
    "aggregated": "SHORT"
  },
  "GBP/USD": {
    "signals": {
      "15m": {
        "signal": 0,
        "sgd_pred": 0,
        "rf_pred": 0,
        "live": 1.3236442804336548,
        "SL": 1.32272,
        "TP": 1.32457,
        "confidence": 0.0,
        "timeframe": "15m"
      },
      "1h": {
        "signal": 0,
        "sgd_pred": 0,
        "rf_pred": 0,
        "live": 1.3236442804336548,
        "SL": 1.3215,
        "TP": 1.32579,
        "confidence": 0.0,
        "timeframe": "1h"
      },
      "5m": {
        "signal": 0,
        "sgd_pred": 0,
        "rf_pred": 0,
        "live": 1.3236442804336548,
        "SL": 1.32303,
        "TP": 1.32426,
        "confidence": 0.0,
        "timeframe": "5m"
      },
      "1m": {
        "signal": 0,
        "sgd_pred": 0,
        "rf_pred": 0,
        "live": 1.3236442804336548,
        "SL": 1.32339,
        "TP": 1.3239,
        "confidence": 0.0,
        "timeframe": "1m"
      },
      "1d": {
        "signal": 0,
        "sgd_pred": 0,
        "rf_pred": 0,
        "live": 1.3236442804336548,
        "SL": 1.30689,
        "TP": 1.3404,
        "confidence": 0.0,
        "timeframe": "1d"
      }
    },
    "aggregated": "SHORT"
  },
  "USD/JPY": {
    "signals": {
      "1d": {
        "signal": 1,
        "sgd_pred": 1,
        "rf_pred": 1,
        "live": 156.281005859375,
        "SL": 153.98347,
        "TP": 158.57854,
        "confidence": 1.0,
        "timeframe": "1d"
      },
      "1h": {
        "signal": 1,
        "sgd_pred": 1,
        "rf_pred": 1,
        "live": 156.26800537109375,
        "SL": 155.93933,
        "TP": 156.59668,
        "confidence": 1.0,
        "timeframe": "1h"
      },
      "5m": {
        "signal": 1,
        "sgd_pred": 1,
        "rf_pred": 1,
        "live": 156.26499938964844,
        "SL": 156.0999,
        "TP": 156.4301,
        "confidence": 1.0,
        "timeframe": "5m"
      },
      "1m": {
        "signal": 1,
        "sgd_pred": 0,
        "rf_pred": 1,
        "live": 156.2550048828125,
        "SL": 156.14034,
        "TP": 156.36967,
        "confidence": 0.5,
        "timeframe": "1m"
      },
      "15m": {
        "signal": 1,
        "sgd_pred": 1,
        "rf_pred": 1,
        "live": 156.2790069580078,
        "SL": 156.07754,
        "TP": 156.48047,
        "confidence": 1.0,
        "timeframe": "15m"
      }
    },
    "aggregated": "LONG"
  },
  "AUD/USD": {
    "signals": {
      "1m": {
        "signal": 1,
        "sgd_pred": 1,
        "rf_pred": 1,
        "live": 0.6537229418754578,
        "SL": 0.65353,
        "TP": 0.65391,
        "confidence": 1.0,
        "timeframe": "1m"
      },
      "15m": {
        "signal": 1,
        "sgd_pred": 1,
        "rf_pred": 1,
        "live": 0.6537229418754578,
        "SL": 0.65324,
        "TP": 0.6542,
        "confidence": 1.0,
        "timeframe": "15m"
      },
      "1d": {
        "signal": 1,
        "sgd_pred": 1,
        "rf_pred": 1,
        "live": 0.6537229418754578,
        "SL": 0.64405,
        "TP": 0.6634,
        "confidence": 1.0,
        "timeframe": "1d"
      },
      "5m": {
        "signal": 1,
        "sgd_pred": 1,
        "rf_pred": 1,
        "live": 0.6537229418754578,
        "SL": 0.65341,
        "TP": 0.65403,
        "confidence": 1.0,
        "timeframe": "5m"
      },
      "1h": {
        "signal": 1,
        "sgd_pred": 1,
        "rf_pred": 1,
        "live": 0.6537229418754578,
        "SL": 0.6528,
        "TP": 0.65464,
        "confidence": 1.0,
        "timeframe": "1h"
      }
    },
    "aggregated": "LONG"
  }
}