{
  "EUR/USD": {
    "signals": {
      "15m": {
        "signal": 0,
        "sgd_pred": 0,
        "rf_pred": 0,
        "live": 1.160092830657959,
        "SL": 1.15933,
        "TP": 1.16086,
        "confidence": 0.0,
        "timeframe": "15m"
      },
      "1d": {
        "signal": 1,
        "sgd_pred": 1,
        "rf_pred": 1,
        "live": 1.160092830657959,
        "SL": 1.14735,
        "TP": 1.17283,
        "confidence": 1.0,
        "timeframe": "1d"
      },
      "1m": {
        "signal": 0,
        "sgd_pred": 0,
        "rf_pred": 0,
        "live": 1.160092830657959,
        "SL": 1.16002,
        "TP": 1.16017,
        "confidence": 0.0,
        "timeframe": "1m"
      },
      "1h": {
        "signal": 1,
        "sgd_pred": 1,
        "rf_pred": 1,
        "live": 1.160092830657959,
        "SL": 1.15793,
        "TP": 1.16225,
        "confidence": 1.0,
        "timeframe": "1h"
      },
      "5m": {
        "signal": 0,
        "sgd_pred": 0,
        "rf_pred": 0,
        "live": 1.160092830657959,
        "SL": 1.15975,
        "TP": 1.16043,
        "confidence": 0.0,
        "timeframe": "5m"
      }
    },
    "aggregated": "SHORT"
  },
  "GBP/USD": {
    "signals": {
      "15m": {
        "signal": 0,
        "sgd_pred": 0,
        "rf_pred": 0,
        "live": 1.3241699934005735,
        "SL": 1.32303,
        "TP": 1.32531,
        "confidence": 0.0,
        "timeframe": "15m"
      },
      "1h": {
        "signal": 1,
        "sgd_pred": 1,
        "rf_pred": 1,
        "live": 1.3241699934005735,
        "SL": 1.32086,
        "TP": 1.32748,
        "confidence": 1.0,
        "timeframe": "1h"
      },
      "5m": {
        "signal": 1,
        "sgd_pred": 1,
        "rf_pred": 1,
        "live": 1.3241699934005735,
        "SL": 1.32371,
        "TP": 1.32463,
        "confidence": 1.0,
        "timeframe": "5m"
      },
      "1m": {
        "signal": 1,
        "sgd_pred": 1,
        "rf_pred": 1,
        "live": 1.3241699934005735,
        "SL": 1.32404,
        "TP": 1.3243,
        "confidence": 1.0,
        "timeframe": "1m"
      },
      "1d": {
        "signal": 1,
        "sgd_pred": 1,
        "rf_pred": 1,
        "live": 1.3241699934005735,
        "SL": 1.30659,
        "TP": 1.34175,
        "confidence": 1.0,
        "timeframe": "1d"
      }
    },
    "aggregated": "LONG"
  },
  "USD/JPY": {
    "signals": {
      "1d": {
        "signal": 0,
        "sgd_pred": 0,
        "rf_pred": 0,
        "live": 156.3300018310547,
        "SL": 153.94343,
        "TP": 158.71657,
        "confidence": 0.0,
        "timeframe": "1d"
      },
      "1h": {
        "signal": 0,
        "sgd_pred": 0,
        "rf_pred": 0,
        "live": 156.3300018310547,
        "SL": 155.95959,
        "TP": 156.70041,
        "confidence": 0.0,
        "timeframe": "1h"
      },
      "5m": {
        "signal": 0,
        "sgd_pred": 0,
        "rf_pred": 0,
        "live": 156.33299255371094,
        "SL": 156.25651,
        "TP": 156.40947,
        "confidence": 0.0,
        "timeframe": "5m"
      },
      "1m": {
        "signal": 0,
        "sgd_pred": 0,
        "rf_pred": 0,
        "live": 156.32899475097656,
        "SL": 156.28676,
        "TP": 156.37123,
        "confidence": 0.0,
        "timeframe": "1m"
      },
      "15m": {
        "signal": 0,
        "sgd_pred": 0,
        "rf_pred": 0,
        "live": 156.33200073242188,
        "SL": 156.19861,
        "TP": 156.46539,
        "confidence": 0.0,
        "timeframe": "15m"
      }
    },
    "aggregated": "SHORT"
  },
  "AUD/USD": {
    "signals": {
      "1m": {
        "signal": 1,
        "sgd_pred": 1,
        "rf_pred": 1,
        "live": 0.6521880626678467,
        "SL": 0.65211,
        "TP": 0.65227,
        "confidence": 1.0,
        "timeframe": "1m"
      },
      "15m": {
        "signal": 0,
        "sgd_pred": 0,
        "rf_pred": 0,
        "live": 0.6521880626678467,
        "SL": 0.65177,
        "TP": 0.6526,
        "confidence": 0.0,
        "timeframe": "15m"
      },
      "1d": {
        "signal": 1,
        "sgd_pred": 1,
        "rf_pred": 1,
        "live": 0.6521880626678467,
        "SL": 0.64226,
        "TP": 0.66211,
        "confidence": 1.0,
        "timeframe": "1d"
      },
      "5m": {
        "signal": 1,
        "sgd_pred": 1,
        "rf_pred": 1,
        "live": 0.6521880626678467,
        "SL": 0.65203,
        "TP": 0.65235,
        "confidence": 1.0,
        "timeframe": "5m"
      },
      "1h": {
        "signal": 1,
        "sgd_pred": 1,
        "rf_pred": 1,
        "live": 0.6521880626678467,
        "SL": 0.65074,
        "TP": 0.65363,
        "confidence": 1.0,
        "timeframe": "1h"
      }
    },
    "aggregated": "LONG"
  }
}