{
  "EUR/USD": {
    "signals": {
      "15m": {
        "signal": 1,
        "sgd_pred": 1,
        "rf_pred": 1,
        "live": 1.1609008312225342,
        "SL": 1.16013,
        "TP": 1.16167,
        "confidence": 1.0,
        "timeframe": "15m"
      },
      "1d": {
        "signal": 1,
        "sgd_pred": 1,
        "rf_pred": 1,
        "live": 1.1609008312225342,
        "SL": 1.14833,
        "TP": 1.17348,
        "confidence": 1.0,
        "timeframe": "1d"
      },
      "1m": {
        "signal": 0,
        "sgd_pred": 0,
        "rf_pred": 0,
        "live": 1.1609008312225342,
        "SL": 1.16076,
        "TP": 1.16104,
        "confidence": 0.0,
        "timeframe": "1m"
      },
      "1h": {
        "signal": 1,
        "sgd_pred": 1,
        "rf_pred": 1,
        "live": 1.1609008312225342,
        "SL": 1.15891,
        "TP": 1.16289,
        "confidence": 1.0,
        "timeframe": "1h"
      },
      "5m": {
        "signal": 0,
        "sgd_pred": 0,
        "rf_pred": 0,
        "live": 1.1609008312225342,
        "SL": 1.16047,
        "TP": 1.16133,
        "confidence": 0.0,
        "timeframe": "5m"
      }
    },
    "aggregated": "SHORT"
  },
  "GBP/USD": {
    "signals": {
      "15m": {
        "signal": 0,
        "sgd_pred": 0,
        "rf_pred": 0,
        "live": 1.325117588043213,
        "SL": 1.32417,
        "TP": 1.32606,
        "confidence": 0.0,
        "timeframe": "15m"
      },
      "1h": {
        "signal": 0,
        "sgd_pred": 0,
        "rf_pred": 0,
        "live": 1.325117588043213,
        "SL": 1.32226,
        "TP": 1.32798,
        "confidence": 0.0,
        "timeframe": "1h"
      },
      "5m": {
        "signal": 0,
        "sgd_pred": 0,
        "rf_pred": 0,
        "live": 1.325117588043213,
        "SL": 1.32462,
        "TP": 1.32561,
        "confidence": 0.0,
        "timeframe": "5m"
      },
      "1m": {
        "signal": 0,
        "sgd_pred": 0,
        "rf_pred": 0,
        "live": 1.325117588043213,
        "SL": 1.32496,
        "TP": 1.32527,
        "confidence": 0.0,
        "timeframe": "1m"
      },
      "1d": {
        "signal": 1,
        "sgd_pred": 1,
        "rf_pred": 1,
        "live": 1.325117588043213,
        "SL": 1.30742,
        "TP": 1.34281,
        "confidence": 1.0,
        "timeframe": "1d"
      }
    },
    "aggregated": "LONG"
  },
  "USD/JPY": {
    "signals": {
      "1d": {
        "signal": 0,
        "sgd_pred": 0,
        "rf_pred": 0,
        "live": 156.11500549316406,
        "SL": 153.71245,
        "TP": 158.51756,
        "confidence": 0.0,
        "timeframe": "1d"
      },
      "1h": {
        "signal": 1,
        "sgd_pred": 1,
        "rf_pred": 1,
        "live": 156.11500549316406,
        "SL": 155.68624,
        "TP": 156.54377,
        "confidence": 1.0,
        "timeframe": "1h"
      },
      "5m": {
        "signal": 1,
        "sgd_pred": 1,
        "rf_pred": 1,
        "live": 156.11500549316406,
        "SL": 155.95306,
        "TP": 156.27695,
        "confidence": 1.0,
        "timeframe": "5m"
      },
      "1m": {
        "signal": 1,
        "sgd_pred": 1,
        "rf_pred": 1,
        "live": 156.11900329589844,
        "SL": 156.06596,
        "TP": 156.17205,
        "confidence": 1.0,
        "timeframe": "1m"
      },
      "15m": {
        "signal": 1,
        "sgd_pred": 0,
        "rf_pred": 1,
        "live": 156.11500549316406,
        "SL": 155.8621,
        "TP": 156.36791,
        "confidence": 0.5,
        "timeframe": "15m"
      }
    },
    "aggregated": "LONG"
  },
  "AUD/USD": {
    "signals": {
      "1m": {
        "signal": 1,
        "sgd_pred": 1,
        "rf_pred": 1,
        "live": 0.6532105207443237,
        "SL": 0.65304,
        "TP": 0.65338,
        "confidence": 1.0,
        "timeframe": "1m"
      },
      "15m": {
        "signal": 1,
        "sgd_pred": 1,
        "rf_pred": 1,
        "live": 0.6532105207443237,
        "SL": 0.65266,
        "TP": 0.65376,
        "confidence": 1.0,
        "timeframe": "15m"
      },
      "1d": {
        "signal": 1,
        "sgd_pred": 1,
        "rf_pred": 1,
        "live": 0.6532105207443237,
        "SL": 0.6431,
        "TP": 0.66333,
        "confidence": 1.0,
        "timeframe": "1d"
      },
      "5m": {
        "signal": 1,
        "sgd_pred": 1,
        "rf_pred": 1,
        "live": 0.6532105207443237,
        "SL": 0.65292,
        "TP": 0.6535,
        "confidence": 1.0,
        "timeframe": "5m"
      },
      "1h": {
        "signal": 1,
        "sgd_pred": 1,
        "rf_pred": 1,
        "live": 0.6532105207443237,
        "SL": 0.65184,
        "TP": 0.65458,
        "confidence": 1.0,
        "timeframe": "1h"
      }
    },
    "aggregated": "LONG"
  }
}